,time,high,low,open,volumefrom,volumeto,close
0,1180224000,0.0,0.0,0.0,0.0,0.0,0.0
1,1180310400,0.0,0.0,0.0,0.0,0.0,0.0
2,1180396800,0.0,0.0,0.0,0.0,0.0,0.0
3,1180483200,0.0,0.0,0.0,0.0,0.0,0.0
4,1180569600,0.0,0.0,0.0,0.0,0.0,0.0
5,1180656000,0.0,0.0,0.0,0.0,0.0,0.0
6,1180742400,0.0,0.0,0.0,0.0,0.0,0.0
7,1180828800,0.0,0.0,0.0,0.0,0.0,0.0
8,1180915200,0.0,0.0,0.0,0.0,0.0,0.0
9,1181001600,0.0,0.0,0.0,0.0,0.0,0.0
10,1181088000,0.0,0.0,0.0,0.0,0.0,0.0
11,1181174400,0.0,0.0,0.0,0.0,0.0,0.0
12,1181260800,0.0,0.0,0.0,0.0,0.0,0.0
13,1181347200,0.0,0.0,0.0,0.0,0.0,0.0
14,1181433600,0.0,0.0,0.0,0.0,0.0,0.0
15,1181520000,0.0,0.0,0.0,0.0,0.0,0.0
16,1181606400,0.0,0.0,0.0,0.0,0.0,0.0
17,1181692800,0.0,0.0,0.0,0.0,0.0,0.0
18,1181779200,0.0,0.0,0.0,0.0,0.0,0.0
19,1181865600,0.0,0.0,0.0,0.0,0.0,0.0
20,1181952000,0.0,0.0,0.0,0.0,0.0,0.0
21,1182038400,0.0,0.0,0.0,0.0,0.0,0.0
22,1182124800,0.0,0.0,0.0,0.0,0.0,0.0
23,1182211200,0.0,0.0,0.0,0.0,0.0,0.0
24,1182297600,0.0,0.0,0.0,0.0,0.0,0.0
25,1182384000,0.0,0.0,0.0,0.0,0.0,0.0
26,1182470400,0.0,0.0,0.0,0.0,0.0,0.0
27,1182556800,0.0,0.0,0.0,0.0,0.0,0.0
28,1182643200,0.0,0.0,0.0,0.0,0.0,0.0
29,1182729600,0.0,0.0,0.0,0.0,0.0,0.0
30,1182816000,0.0,0.0,0.0,0.0,0.0,0.0
31,1182902400,0.0,0.0,0.0,0.0,0.0,0.0
32,1182988800,0.0,0.0,0.0,0.0,0.0,0.0
33,1183075200,0.0,0.0,0.0,0.0,0.0,0.0
34,1183161600,0.0,0.0,0.0,0.0,0.0,0.0
35,1183248000,0.0,0.0,0.0,0.0,0.0,0.0
36,1183334400,0.0,0.0,0.0,0.0,0.0,0.0
37,1183420800,0.0,0.0,0.0,0.0,0.0,0.0
38,1183507200,0.0,0.0,0.0,0.0,0.0,0.0
39,1183593600,0.0,0.0,0.0,0.0,0.0,0.0
40,1183680000,0.0,0.0,0.0,0.0,0.0,0.0
41,1183766400,0.0,0.0,0.0,0.0,0.0,0.0
42,1183852800,0.0,0.0,0.0,0.0,0.0,0.0
43,1183939200,0.0,0.0,0.0,0.0,0.0,0.0
44,1184025600,0.0,0.0,0.0,0.0,0.0,0.0
45,1184112000,0.0,0.0,0.0,0.0,0.0,0.0
46,1184198400,0.0,0.0,0.0,0.0,0.0,0.0
47,1184284800,0.0,0.0,0.0,0.0,0.0,0.0
48,1184371200,0.0,0.0,0.0,0.0,0.0,0.0
49,1184457600,0.0,0.0,0.0,0.0,0.0,0.0
50,1184544000,0.0,0.0,0.0,0.0,0.0,0.0
51,1184630400,0.0,0.0,0.0,0.0,0.0,0.0
52,1184716800,0.0,0.0,0.0,0.0,0.0,0.0
53,1184803200,0.0,0.0,0.0,0.0,0.0,0.0
54,1184889600,0.0,0.0,0.0,0.0,0.0,0.0
55,1184976000,0.0,0.0,0.0,0.0,0.0,0.0
56,1185062400,0.0,0.0,0.0,0.0,0.0,0.0
57,1185148800,0.0,0.0,0.0,0.0,0.0,0.0
58,1185235200,0.0,0.0,0.0,0.0,0.0,0.0
59,1185321600,0.0,0.0,0.0,0.0,0.0,0.0
60,1185408000,0.0,0.0,0.0,0.0,0.0,0.0
61,1185494400,0.0,0.0,0.0,0.0,0.0,0.0
62,1185580800,0.0,0.0,0.0,0.0,0.0,0.0
63,1185667200,0.0,0.0,0.0,0.0,0.0,0.0
64,1185753600,0.0,0.0,0.0,0.0,0.0,0.0
65,1185840000,0.0,0.0,0.0,0.0,0.0,0.0
66,1185926400,0.0,0.0,0.0,0.0,0.0,0.0
67,1186012800,0.0,0.0,0.0,0.0,0.0,0.0
68,1186099200,0.0,0.0,0.0,0.0,0.0,0.0
69,1186185600,0.0,0.0,0.0,0.0,0.0,0.0
70,1186272000,0.0,0.0,0.0,0.0,0.0,0.0
71,1186358400,0.0,0.0,0.0,0.0,0.0,0.0
72,1186444800,0.0,0.0,0.0,0.0,0.0,0.0
73,1186531200,0.0,0.0,0.0,0.0,0.0,0.0
74,1186617600,0.0,0.0,0.0,0.0,0.0,0.0
75,1186704000,0.0,0.0,0.0,0.0,0.0,0.0
76,1186790400,0.0,0.0,0.0,0.0,0.0,0.0
77,1186876800,0.0,0.0,0.0,0.0,0.0,0.0
78,1186963200,0.0,0.0,0.0,0.0,0.0,0.0
79,1187049600,0.0,0.0,0.0,0.0,0.0,0.0
80,1187136000,0.0,0.0,0.0,0.0,0.0,0.0
81,1187222400,0.0,0.0,0.0,0.0,0.0,0.0
82,1187308800,0.0,0.0,0.0,0.0,0.0,0.0
83,1187395200,0.0,0.0,0.0,0.0,0.0,0.0
84,1187481600,0.0,0.0,0.0,0.0,0.0,0.0
85,1187568000,0.0,0.0,0.0,0.0,0.0,0.0
86,1187654400,0.0,0.0,0.0,0.0,0.0,0.0
87,1187740800,0.0,0.0,0.0,0.0,0.0,0.0
88,1187827200,0.0,0.0,0.0,0.0,0.0,0.0
89,1187913600,0.0,0.0,0.0,0.0,0.0,0.0
90,1188000000,0.0,0.0,0.0,0.0,0.0,0.0
91,1188086400,0.0,0.0,0.0,0.0,0.0,0.0
92,1188172800,0.0,0.0,0.0,0.0,0.0,0.0
93,1188259200,0.0,0.0,0.0,0.0,0.0,0.0
94,1188345600,0.0,0.0,0.0,0.0,0.0,0.0
95,1188432000,0.0,0.0,0.0,0.0,0.0,0.0
96,1188518400,0.0,0.0,0.0,0.0,0.0,0.0
97,1188604800,0.0,0.0,0.0,0.0,0.0,0.0
98,1188691200,0.0,0.0,0.0,0.0,0.0,0.0
99,1188777600,0.0,0.0,0.0,0.0,0.0,0.0
100,1188864000,0.0,0.0,0.0,0.0,0.0,0.0
101,1188950400,0.0,0.0,0.0,0.0,0.0,0.0
102,1189036800,0.0,0.0,0.0,0.0,0.0,0.0
103,1189123200,0.0,0.0,0.0,0.0,0.0,0.0
104,1189209600,0.0,0.0,0.0,0.0,0.0,0.0
105,1189296000,0.0,0.0,0.0,0.0,0.0,0.0
106,1189382400,0.0,0.0,0.0,0.0,0.0,0.0
107,1189468800,0.0,0.0,0.0,0.0,0.0,0.0
108,1189555200,0.0,0.0,0.0,0.0,0.0,0.0
109,1189641600,0.0,0.0,0.0,0.0,0.0,0.0
110,1189728000,0.0,0.0,0.0,0.0,0.0,0.0
111,1189814400,0.0,0.0,0.0,0.0,0.0,0.0
112,1189900800,0.0,0.0,0.0,0.0,0.0,0.0
113,1189987200,0.0,0.0,0.0,0.0,0.0,0.0
114,1190073600,0.0,0.0,0.0,0.0,0.0,0.0
115,1190160000,0.0,0.0,0.0,0.0,0.0,0.0
116,1190246400,0.0,0.0,0.0,0.0,0.0,0.0
117,1190332800,0.0,0.0,0.0,0.0,0.0,0.0
118,1190419200,0.0,0.0,0.0,0.0,0.0,0.0
119,1190505600,0.0,0.0,0.0,0.0,0.0,0.0
120,1190592000,0.0,0.0,0.0,0.0,0.0,0.0
121,1190678400,0.0,0.0,0.0,0.0,0.0,0.0
122,1190764800,0.0,0.0,0.0,0.0,0.0,0.0
123,1190851200,0.0,0.0,0.0,0.0,0.0,0.0
124,1190937600,0.0,0.0,0.0,0.0,0.0,0.0
125,1191024000,0.0,0.0,0.0,0.0,0.0,0.0
126,1191110400,0.0,0.0,0.0,0.0,0.0,0.0
127,1191196800,0.0,0.0,0.0,0.0,0.0,0.0
128,1191283200,0.0,0.0,0.0,0.0,0.0,0.0
129,1191369600,0.0,0.0,0.0,0.0,0.0,0.0
130,1191456000,0.0,0.0,0.0,0.0,0.0,0.0
131,1191542400,0.0,0.0,0.0,0.0,0.0,0.0
132,1191628800,0.0,0.0,0.0,0.0,0.0,0.0
133,1191715200,0.0,0.0,0.0,0.0,0.0,0.0
134,1191801600,0.0,0.0,0.0,0.0,0.0,0.0
135,1191888000,0.0,0.0,0.0,0.0,0.0,0.0
136,1191974400,0.0,0.0,0.0,0.0,0.0,0.0
137,1192060800,0.0,0.0,0.0,0.0,0.0,0.0
138,1192147200,0.0,0.0,0.0,0.0,0.0,0.0
139,1192233600,0.0,0.0,0.0,0.0,0.0,0.0
140,1192320000,0.0,0.0,0.0,0.0,0.0,0.0
141,1192406400,0.0,0.0,0.0,0.0,0.0,0.0
142,1192492800,0.0,0.0,0.0,0.0,0.0,0.0
143,1192579200,0.0,0.0,0.0,0.0,0.0,0.0
144,1192665600,0.0,0.0,0.0,0.0,0.0,0.0
145,1192752000,0.0,0.0,0.0,0.0,0.0,0.0
146,1192838400,0.0,0.0,0.0,0.0,0.0,0.0
147,1192924800,0.0,0.0,0.0,0.0,0.0,0.0
148,1193011200,0.0,0.0,0.0,0.0,0.0,0.0
149,1193097600,0.0,0.0,0.0,0.0,0.0,0.0
150,1193184000,0.0,0.0,0.0,0.0,0.0,0.0
151,1193270400,0.0,0.0,0.0,0.0,0.0,0.0
152,1193356800,0.0,0.0,0.0,0.0,0.0,0.0
153,1193443200,0.0,0.0,0.0,0.0,0.0,0.0
154,1193529600,0.0,0.0,0.0,0.0,0.0,0.0
155,1193616000,0.0,0.0,0.0,0.0,0.0,0.0
156,1193702400,0.0,0.0,0.0,0.0,0.0,0.0
157,1193788800,0.0,0.0,0.0,0.0,0.0,0.0
158,1193875200,0.0,0.0,0.0,0.0,0.0,0.0
159,1193961600,0.0,0.0,0.0,0.0,0.0,0.0
160,1194048000,0.0,0.0,0.0,0.0,0.0,0.0
161,1194134400,0.0,0.0,0.0,0.0,0.0,0.0
162,1194220800,0.0,0.0,0.0,0.0,0.0,0.0
163,1194307200,0.0,0.0,0.0,0.0,0.0,0.0
164,1194393600,0.0,0.0,0.0,0.0,0.0,0.0
165,1194480000,0.0,0.0,0.0,0.0,0.0,0.0
166,1194566400,0.0,0.0,0.0,0.0,0.0,0.0
167,1194652800,0.0,0.0,0.0,0.0,0.0,0.0
168,1194739200,0.0,0.0,0.0,0.0,0.0,0.0
169,1194825600,0.0,0.0,0.0,0.0,0.0,0.0
170,1194912000,0.0,0.0,0.0,0.0,0.0,0.0
171,1194998400,0.0,0.0,0.0,0.0,0.0,0.0
172,1195084800,0.0,0.0,0.0,0.0,0.0,0.0
173,1195171200,0.0,0.0,0.0,0.0,0.0,0.0
174,1195257600,0.0,0.0,0.0,0.0,0.0,0.0
175,1195344000,0.0,0.0,0.0,0.0,0.0,0.0
176,1195430400,0.0,0.0,0.0,0.0,0.0,0.0
177,1195516800,0.0,0.0,0.0,0.0,0.0,0.0
178,1195603200,0.0,0.0,0.0,0.0,0.0,0.0
179,1195689600,0.0,0.0,0.0,0.0,0.0,0.0
180,1195776000,0.0,0.0,0.0,0.0,0.0,0.0
181,1195862400,0.0,0.0,0.0,0.0,0.0,0.0
182,1195948800,0.0,0.0,0.0,0.0,0.0,0.0
183,1196035200,0.0,0.0,0.0,0.0,0.0,0.0
184,1196121600,0.0,0.0,0.0,0.0,0.0,0.0
185,1196208000,0.0,0.0,0.0,0.0,0.0,0.0
186,1196294400,0.0,0.0,0.0,0.0,0.0,0.0
187,1196380800,0.0,0.0,0.0,0.0,0.0,0.0
188,1196467200,0.0,0.0,0.0,0.0,0.0,0.0
189,1196553600,0.0,0.0,0.0,0.0,0.0,0.0
190,1196640000,0.0,0.0,0.0,0.0,0.0,0.0
191,1196726400,0.0,0.0,0.0,0.0,0.0,0.0
192,1196812800,0.0,0.0,0.0,0.0,0.0,0.0
193,1196899200,0.0,0.0,0.0,0.0,0.0,0.0
194,1196985600,0.0,0.0,0.0,0.0,0.0,0.0
195,1197072000,0.0,0.0,0.0,0.0,0.0,0.0
196,1197158400,0.0,0.0,0.0,0.0,0.0,0.0
197,1197244800,0.0,0.0,0.0,0.0,0.0,0.0
198,1197331200,0.0,0.0,0.0,0.0,0.0,0.0
199,1197417600,0.0,0.0,0.0,0.0,0.0,0.0
200,1197504000,0.0,0.0,0.0,0.0,0.0,0.0
201,1197590400,0.0,0.0,0.0,0.0,0.0,0.0
202,1197676800,0.0,0.0,0.0,0.0,0.0,0.0
203,1197763200,0.0,0.0,0.0,0.0,0.0,0.0
204,1197849600,0.0,0.0,0.0,0.0,0.0,0.0
205,1197936000,0.0,0.0,0.0,0.0,0.0,0.0
206,1198022400,0.0,0.0,0.0,0.0,0.0,0.0
207,1198108800,0.0,0.0,0.0,0.0,0.0,0.0
208,1198195200,0.0,0.0,0.0,0.0,0.0,0.0
209,1198281600,0.0,0.0,0.0,0.0,0.0,0.0
210,1198368000,0.0,0.0,0.0,0.0,0.0,0.0
211,1198454400,0.0,0.0,0.0,0.0,0.0,0.0
212,1198540800,0.0,0.0,0.0,0.0,0.0,0.0
213,1198627200,0.0,0.0,0.0,0.0,0.0,0.0
214,1198713600,0.0,0.0,0.0,0.0,0.0,0.0
215,1198800000,0.0,0.0,0.0,0.0,0.0,0.0
216,1198886400,0.0,0.0,0.0,0.0,0.0,0.0
217,1198972800,0.0,0.0,0.0,0.0,0.0,0.0
218,1199059200,0.0,0.0,0.0,0.0,0.0,0.0
219,1199145600,0.0,0.0,0.0,0.0,0.0,0.0
220,1199232000,0.0,0.0,0.0,0.0,0.0,0.0
221,1199318400,0.0,0.0,0.0,0.0,0.0,0.0
222,1199404800,0.0,0.0,0.0,0.0,0.0,0.0
223,1199491200,0.0,0.0,0.0,0.0,0.0,0.0
224,1199577600,0.0,0.0,0.0,0.0,0.0,0.0
225,1199664000,0.0,0.0,0.0,0.0,0.0,0.0
226,1199750400,0.0,0.0,0.0,0.0,0.0,0.0
227,1199836800,0.0,0.0,0.0,0.0,0.0,0.0
228,1199923200,0.0,0.0,0.0,0.0,0.0,0.0
229,1200009600,0.0,0.0,0.0,0.0,0.0,0.0
230,1200096000,0.0,0.0,0.0,0.0,0.0,0.0
231,1200182400,0.0,0.0,0.0,0.0,0.0,0.0
232,1200268800,0.0,0.0,0.0,0.0,0.0,0.0
233,1200355200,0.0,0.0,0.0,0.0,0.0,0.0
234,1200441600,0.0,0.0,0.0,0.0,0.0,0.0
235,1200528000,0.0,0.0,0.0,0.0,0.0,0.0
236,1200614400,0.0,0.0,0.0,0.0,0.0,0.0
237,1200700800,0.0,0.0,0.0,0.0,0.0,0.0
238,1200787200,0.0,0.0,0.0,0.0,0.0,0.0
239,1200873600,0.0,0.0,0.0,0.0,0.0,0.0
240,1200960000,0.0,0.0,0.0,0.0,0.0,0.0
241,1201046400,0.0,0.0,0.0,0.0,0.0,0.0
242,1201132800,0.0,0.0,0.0,0.0,0.0,0.0
243,1201219200,0.0,0.0,0.0,0.0,0.0,0.0
244,1201305600,0.0,0.0,0.0,0.0,0.0,0.0
245,1201392000,0.0,0.0,0.0,0.0,0.0,0.0
246,1201478400,0.0,0.0,0.0,0.0,0.0,0.0
247,1201564800,0.0,0.0,0.0,0.0,0.0,0.0
248,1201651200,0.0,0.0,0.0,0.0,0.0,0.0
249,1201737600,0.0,0.0,0.0,0.0,0.0,0.0
250,1201824000,0.0,0.0,0.0,0.0,0.0,0.0
251,1201910400,0.0,0.0,0.0,0.0,0.0,0.0
252,1201996800,0.0,0.0,0.0,0.0,0.0,0.0
253,1202083200,0.0,0.0,0.0,0.0,0.0,0.0
254,1202169600,0.0,0.0,0.0,0.0,0.0,0.0
255,1202256000,0.0,0.0,0.0,0.0,0.0,0.0
256,1202342400,0.0,0.0,0.0,0.0,0.0,0.0
257,1202428800,0.0,0.0,0.0,0.0,0.0,0.0
258,1202515200,0.0,0.0,0.0,0.0,0.0,0.0
259,1202601600,0.0,0.0,0.0,0.0,0.0,0.0
260,1202688000,0.0,0.0,0.0,0.0,0.0,0.0
261,1202774400,0.0,0.0,0.0,0.0,0.0,0.0
262,1202860800,0.0,0.0,0.0,0.0,0.0,0.0
263,1202947200,0.0,0.0,0.0,0.0,0.0,0.0
264,1203033600,0.0,0.0,0.0,0.0,0.0,0.0
265,1203120000,0.0,0.0,0.0,0.0,0.0,0.0
266,1203206400,0.0,0.0,0.0,0.0,0.0,0.0
267,1203292800,0.0,0.0,0.0,0.0,0.0,0.0
268,1203379200,0.0,0.0,0.0,0.0,0.0,0.0
269,1203465600,0.0,0.0,0.0,0.0,0.0,0.0
270,1203552000,0.0,0.0,0.0,0.0,0.0,0.0
271,1203638400,0.0,0.0,0.0,0.0,0.0,0.0
272,1203724800,0.0,0.0,0.0,0.0,0.0,0.0
273,1203811200,0.0,0.0,0.0,0.0,0.0,0.0
274,1203897600,0.0,0.0,0.0,0.0,0.0,0.0
275,1203984000,0.0,0.0,0.0,0.0,0.0,0.0
276,1204070400,0.0,0.0,0.0,0.0,0.0,0.0
277,1204156800,0.0,0.0,0.0,0.0,0.0,0.0
278,1204243200,0.0,0.0,0.0,0.0,0.0,0.0
279,1204329600,0.0,0.0,0.0,0.0,0.0,0.0
280,1204416000,0.0,0.0,0.0,0.0,0.0,0.0
281,1204502400,0.0,0.0,0.0,0.0,0.0,0.0
282,1204588800,0.0,0.0,0.0,0.0,0.0,0.0
283,1204675200,0.0,0.0,0.0,0.0,0.0,0.0
284,1204761600,0.0,0.0,0.0,0.0,0.0,0.0
285,1204848000,0.0,0.0,0.0,0.0,0.0,0.0
286,1204934400,0.0,0.0,0.0,0.0,0.0,0.0
287,1205020800,0.0,0.0,0.0,0.0,0.0,0.0
288,1205107200,0.0,0.0,0.0,0.0,0.0,0.0
289,1205193600,0.0,0.0,0.0,0.0,0.0,0.0
290,1205280000,0.0,0.0,0.0,0.0,0.0,0.0
291,1205366400,0.0,0.0,0.0,0.0,0.0,0.0
292,1205452800,0.0,0.0,0.0,0.0,0.0,0.0
293,1205539200,0.0,0.0,0.0,0.0,0.0,0.0
294,1205625600,0.0,0.0,0.0,0.0,0.0,0.0
295,1205712000,0.0,0.0,0.0,0.0,0.0,0.0
296,1205798400,0.0,0.0,0.0,0.0,0.0,0.0
297,1205884800,0.0,0.0,0.0,0.0,0.0,0.0
298,1205971200,0.0,0.0,0.0,0.0,0.0,0.0
299,1206057600,0.0,0.0,0.0,0.0,0.0,0.0
300,1206144000,0.0,0.0,0.0,0.0,0.0,0.0
301,1206230400,0.0,0.0,0.0,0.0,0.0,0.0
302,1206316800,0.0,0.0,0.0,0.0,0.0,0.0
303,1206403200,0.0,0.0,0.0,0.0,0.0,0.0
304,1206489600,0.0,0.0,0.0,0.0,0.0,0.0
305,1206576000,0.0,0.0,0.0,0.0,0.0,0.0
306,1206662400,0.0,0.0,0.0,0.0,0.0,0.0
307,1206748800,0.0,0.0,0.0,0.0,0.0,0.0
308,1206835200,0.0,0.0,0.0,0.0,0.0,0.0
309,1206921600,0.0,0.0,0.0,0.0,0.0,0.0
310,1207008000,0.0,0.0,0.0,0.0,0.0,0.0
311,1207094400,0.0,0.0,0.0,0.0,0.0,0.0
312,1207180800,0.0,0.0,0.0,0.0,0.0,0.0
313,1207267200,0.0,0.0,0.0,0.0,0.0,0.0
314,1207353600,0.0,0.0,0.0,0.0,0.0,0.0
315,1207440000,0.0,0.0,0.0,0.0,0.0,0.0
316,1207526400,0.0,0.0,0.0,0.0,0.0,0.0
317,1207612800,0.0,0.0,0.0,0.0,0.0,0.0
318,1207699200,0.0,0.0,0.0,0.0,0.0,0.0
319,1207785600,0.0,0.0,0.0,0.0,0.0,0.0
320,1207872000,0.0,0.0,0.0,0.0,0.0,0.0
321,1207958400,0.0,0.0,0.0,0.0,0.0,0.0
322,1208044800,0.0,0.0,0.0,0.0,0.0,0.0
323,1208131200,0.0,0.0,0.0,0.0,0.0,0.0
324,1208217600,0.0,0.0,0.0,0.0,0.0,0.0
325,1208304000,0.0,0.0,0.0,0.0,0.0,0.0
326,1208390400,0.0,0.0,0.0,0.0,0.0,0.0
327,1208476800,0.0,0.0,0.0,0.0,0.0,0.0
328,1208563200,0.0,0.0,0.0,0.0,0.0,0.0
329,1208649600,0.0,0.0,0.0,0.0,0.0,0.0
330,1208736000,0.0,0.0,0.0,0.0,0.0,0.0
331,1208822400,0.0,0.0,0.0,0.0,0.0,0.0
332,1208908800,0.0,0.0,0.0,0.0,0.0,0.0
333,1208995200,0.0,0.0,0.0,0.0,0.0,0.0
334,1209081600,0.0,0.0,0.0,0.0,0.0,0.0
335,1209168000,0.0,0.0,0.0,0.0,0.0,0.0
336,1209254400,0.0,0.0,0.0,0.0,0.0,0.0
337,1209340800,0.0,0.0,0.0,0.0,0.0,0.0
338,1209427200,0.0,0.0,0.0,0.0,0.0,0.0
339,1209513600,0.0,0.0,0.0,0.0,0.0,0.0
340,1209600000,0.0,0.0,0.0,0.0,0.0,0.0
341,1209686400,0.0,0.0,0.0,0.0,0.0,0.0
342,1209772800,0.0,0.0,0.0,0.0,0.0,0.0
343,1209859200,0.0,0.0,0.0,0.0,0.0,0.0
344,1209945600,0.0,0.0,0.0,0.0,0.0,0.0
345,1210032000,0.0,0.0,0.0,0.0,0.0,0.0
346,1210118400,0.0,0.0,0.0,0.0,0.0,0.0
347,1210204800,0.0,0.0,0.0,0.0,0.0,0.0
348,1210291200,0.0,0.0,0.0,0.0,0.0,0.0
349,1210377600,0.0,0.0,0.0,0.0,0.0,0.0
350,1210464000,0.0,0.0,0.0,0.0,0.0,0.0
351,1210550400,0.0,0.0,0.0,0.0,0.0,0.0
352,1210636800,0.0,0.0,0.0,0.0,0.0,0.0
353,1210723200,0.0,0.0,0.0,0.0,0.0,0.0
354,1210809600,0.0,0.0,0.0,0.0,0.0,0.0
355,1210896000,0.0,0.0,0.0,0.0,0.0,0.0
356,1210982400,0.0,0.0,0.0,0.0,0.0,0.0
357,1211068800,0.0,0.0,0.0,0.0,0.0,0.0
358,1211155200,0.0,0.0,0.0,0.0,0.0,0.0
359,1211241600,0.0,0.0,0.0,0.0,0.0,0.0
360,1211328000,0.0,0.0,0.0,0.0,0.0,0.0
361,1211414400,0.0,0.0,0.0,0.0,0.0,0.0
362,1211500800,0.0,0.0,0.0,0.0,0.0,0.0
363,1211587200,0.0,0.0,0.0,0.0,0.0,0.0
364,1211673600,0.0,0.0,0.0,0.0,0.0,0.0
365,1211760000,0.0,0.0,0.0,0.0,0.0,0.0
366,1211846400,0.0,0.0,0.0,0.0,0.0,0.0
367,1211932800,0.0,0.0,0.0,0.0,0.0,0.0
368,1212019200,0.0,0.0,0.0,0.0,0.0,0.0
369,1212105600,0.0,0.0,0.0,0.0,0.0,0.0
370,1212192000,0.0,0.0,0.0,0.0,0.0,0.0
371,1212278400,0.0,0.0,0.0,0.0,0.0,0.0
372,1212364800,0.0,0.0,0.0,0.0,0.0,0.0
373,1212451200,0.0,0.0,0.0,0.0,0.0,0.0
374,1212537600,0.0,0.0,0.0,0.0,0.0,0.0
375,1212624000,0.0,0.0,0.0,0.0,0.0,0.0
376,1212710400,0.0,0.0,0.0,0.0,0.0,0.0
377,1212796800,0.0,0.0,0.0,0.0,0.0,0.0
378,1212883200,0.0,0.0,0.0,0.0,0.0,0.0
379,1212969600,0.0,0.0,0.0,0.0,0.0,0.0
380,1213056000,0.0,0.0,0.0,0.0,0.0,0.0
381,1213142400,0.0,0.0,0.0,0.0,0.0,0.0
382,1213228800,0.0,0.0,0.0,0.0,0.0,0.0
383,1213315200,0.0,0.0,0.0,0.0,0.0,0.0
384,1213401600,0.0,0.0,0.0,0.0,0.0,0.0
385,1213488000,0.0,0.0,0.0,0.0,0.0,0.0
386,1213574400,0.0,0.0,0.0,0.0,0.0,0.0
387,1213660800,0.0,0.0,0.0,0.0,0.0,0.0
388,1213747200,0.0,0.0,0.0,0.0,0.0,0.0
389,1213833600,0.0,0.0,0.0,0.0,0.0,0.0
390,1213920000,0.0,0.0,0.0,0.0,0.0,0.0
391,1214006400,0.0,0.0,0.0,0.0,0.0,0.0
392,1214092800,0.0,0.0,0.0,0.0,0.0,0.0
393,1214179200,0.0,0.0,0.0,0.0,0.0,0.0
394,1214265600,0.0,0.0,0.0,0.0,0.0,0.0
395,1214352000,0.0,0.0,0.0,0.0,0.0,0.0
396,1214438400,0.0,0.0,0.0,0.0,0.0,0.0
397,1214524800,0.0,0.0,0.0,0.0,0.0,0.0
398,1214611200,0.0,0.0,0.0,0.0,0.0,0.0
399,1214697600,0.0,0.0,0.0,0.0,0.0,0.0
400,1214784000,0.0,0.0,0.0,0.0,0.0,0.0
401,1214870400,0.0,0.0,0.0,0.0,0.0,0.0
402,1214956800,0.0,0.0,0.0,0.0,0.0,0.0
403,1215043200,0.0,0.0,0.0,0.0,0.0,0.0
404,1215129600,0.0,0.0,0.0,0.0,0.0,0.0
405,1215216000,0.0,0.0,0.0,0.0,0.0,0.0
406,1215302400,0.0,0.0,0.0,0.0,0.0,0.0
407,1215388800,0.0,0.0,0.0,0.0,0.0,0.0
408,1215475200,0.0,0.0,0.0,0.0,0.0,0.0
409,1215561600,0.0,0.0,0.0,0.0,0.0,0.0
410,1215648000,0.0,0.0,0.0,0.0,0.0,0.0
411,1215734400,0.0,0.0,0.0,0.0,0.0,0.0
412,1215820800,0.0,0.0,0.0,0.0,0.0,0.0
413,1215907200,0.0,0.0,0.0,0.0,0.0,0.0
414,1215993600,0.0,0.0,0.0,0.0,0.0,0.0
415,1216080000,0.0,0.0,0.0,0.0,0.0,0.0
416,1216166400,0.0,0.0,0.0,0.0,0.0,0.0
417,1216252800,0.0,0.0,0.0,0.0,0.0,0.0
418,1216339200,0.0,0.0,0.0,0.0,0.0,0.0
419,1216425600,0.0,0.0,0.0,0.0,0.0,0.0
420,1216512000,0.0,0.0,0.0,0.0,0.0,0.0
421,1216598400,0.0,0.0,0.0,0.0,0.0,0.0
422,1216684800,0.0,0.0,0.0,0.0,0.0,0.0
423,1216771200,0.0,0.0,0.0,0.0,0.0,0.0
424,1216857600,0.0,0.0,0.0,0.0,0.0,0.0
425,1216944000,0.0,0.0,0.0,0.0,0.0,0.0
426,1217030400,0.0,0.0,0.0,0.0,0.0,0.0
427,1217116800,0.0,0.0,0.0,0.0,0.0,0.0
428,1217203200,0.0,0.0,0.0,0.0,0.0,0.0
429,1217289600,0.0,0.0,0.0,0.0,0.0,0.0
430,1217376000,0.0,0.0,0.0,0.0,0.0,0.0
431,1217462400,0.0,0.0,0.0,0.0,0.0,0.0
432,1217548800,0.0,0.0,0.0,0.0,0.0,0.0
433,1217635200,0.0,0.0,0.0,0.0,0.0,0.0
434,1217721600,0.0,0.0,0.0,0.0,0.0,0.0
435,1217808000,0.0,0.0,0.0,0.0,0.0,0.0
436,1217894400,0.0,0.0,0.0,0.0,0.0,0.0
437,1217980800,0.0,0.0,0.0,0.0,0.0,0.0
438,1218067200,0.0,0.0,0.0,0.0,0.0,0.0
439,1218153600,0.0,0.0,0.0,0.0,0.0,0.0
440,1218240000,0.0,0.0,0.0,0.0,0.0,0.0
441,1218326400,0.0,0.0,0.0,0.0,0.0,0.0
442,1218412800,0.0,0.0,0.0,0.0,0.0,0.0
443,1218499200,0.0,0.0,0.0,0.0,0.0,0.0
444,1218585600,0.0,0.0,0.0,0.0,0.0,0.0
445,1218672000,0.0,0.0,0.0,0.0,0.0,0.0
446,1218758400,0.0,0.0,0.0,0.0,0.0,0.0
447,1218844800,0.0,0.0,0.0,0.0,0.0,0.0
448,1218931200,0.0,0.0,0.0,0.0,0.0,0.0
449,1219017600,0.0,0.0,0.0,0.0,0.0,0.0
450,1219104000,0.0,0.0,0.0,0.0,0.0,0.0
451,1219190400,0.0,0.0,0.0,0.0,0.0,0.0
452,1219276800,0.0,0.0,0.0,0.0,0.0,0.0
453,1219363200,0.0,0.0,0.0,0.0,0.0,0.0
454,1219449600,0.0,0.0,0.0,0.0,0.0,0.0
455,1219536000,0.0,0.0,0.0,0.0,0.0,0.0
456,1219622400,0.0,0.0,0.0,0.0,0.0,0.0
457,1219708800,0.0,0.0,0.0,0.0,0.0,0.0
458,1219795200,0.0,0.0,0.0,0.0,0.0,0.0
459,1219881600,0.0,0.0,0.0,0.0,0.0,0.0
460,1219968000,0.0,0.0,0.0,0.0,0.0,0.0
461,1220054400,0.0,0.0,0.0,0.0,0.0,0.0
462,1220140800,0.0,0.0,0.0,0.0,0.0,0.0
463,1220227200,0.0,0.0,0.0,0.0,0.0,0.0
464,1220313600,0.0,0.0,0.0,0.0,0.0,0.0
465,1220400000,0.0,0.0,0.0,0.0,0.0,0.0
466,1220486400,0.0,0.0,0.0,0.0,0.0,0.0
467,1220572800,0.0,0.0,0.0,0.0,0.0,0.0
468,1220659200,0.0,0.0,0.0,0.0,0.0,0.0
469,1220745600,0.0,0.0,0.0,0.0,0.0,0.0
470,1220832000,0.0,0.0,0.0,0.0,0.0,0.0
471,1220918400,0.0,0.0,0.0,0.0,0.0,0.0
472,1221004800,0.0,0.0,0.0,0.0,0.0,0.0
473,1221091200,0.0,0.0,0.0,0.0,0.0,0.0
474,1221177600,0.0,0.0,0.0,0.0,0.0,0.0
475,1221264000,0.0,0.0,0.0,0.0,0.0,0.0
476,1221350400,0.0,0.0,0.0,0.0,0.0,0.0
477,1221436800,0.0,0.0,0.0,0.0,0.0,0.0
478,1221523200,0.0,0.0,0.0,0.0,0.0,0.0
479,1221609600,0.0,0.0,0.0,0.0,0.0,0.0
480,1221696000,0.0,0.0,0.0,0.0,0.0,0.0
481,1221782400,0.0,0.0,0.0,0.0,0.0,0.0
482,1221868800,0.0,0.0,0.0,0.0,0.0,0.0
483,1221955200,0.0,0.0,0.0,0.0,0.0,0.0
484,1222041600,0.0,0.0,0.0,0.0,0.0,0.0
485,1222128000,0.0,0.0,0.0,0.0,0.0,0.0
486,1222214400,0.0,0.0,0.0,0.0,0.0,0.0
487,1222300800,0.0,0.0,0.0,0.0,0.0,0.0
488,1222387200,0.0,0.0,0.0,0.0,0.0,0.0
489,1222473600,0.0,0.0,0.0,0.0,0.0,0.0
490,1222560000,0.0,0.0,0.0,0.0,0.0,0.0
491,1222646400,0.0,0.0,0.0,0.0,0.0,0.0
492,1222732800,0.0,0.0,0.0,0.0,0.0,0.0
493,1222819200,0.0,0.0,0.0,0.0,0.0,0.0
494,1222905600,0.0,0.0,0.0,0.0,0.0,0.0
495,1222992000,0.0,0.0,0.0,0.0,0.0,0.0
496,1223078400,0.0,0.0,0.0,0.0,0.0,0.0
497,1223164800,0.0,0.0,0.0,0.0,0.0,0.0
498,1223251200,0.0,0.0,0.0,0.0,0.0,0.0
499,1223337600,0.0,0.0,0.0,0.0,0.0,0.0
500,1223424000,0.0,0.0,0.0,0.0,0.0,0.0
501,1223510400,0.0,0.0,0.0,0.0,0.0,0.0
502,1223596800,0.0,0.0,0.0,0.0,0.0,0.0
503,1223683200,0.0,0.0,0.0,0.0,0.0,0.0
504,1223769600,0.0,0.0,0.0,0.0,0.0,0.0
505,1223856000,0.0,0.0,0.0,0.0,0.0,0.0
506,1223942400,0.0,0.0,0.0,0.0,0.0,0.0
507,1224028800,0.0,0.0,0.0,0.0,0.0,0.0
508,1224115200,0.0,0.0,0.0,0.0,0.0,0.0
509,1224201600,0.0,0.0,0.0,0.0,0.0,0.0
510,1224288000,0.0,0.0,0.0,0.0,0.0,0.0
511,1224374400,0.0,0.0,0.0,0.0,0.0,0.0
512,1224460800,0.0,0.0,0.0,0.0,0.0,0.0
513,1224547200,0.0,0.0,0.0,0.0,0.0,0.0
514,1224633600,0.0,0.0,0.0,0.0,0.0,0.0
515,1224720000,0.0,0.0,0.0,0.0,0.0,0.0
516,1224806400,0.0,0.0,0.0,0.0,0.0,0.0
517,1224892800,0.0,0.0,0.0,0.0,0.0,0.0
518,1224979200,0.0,0.0,0.0,0.0,0.0,0.0
519,1225065600,0.0,0.0,0.0,0.0,0.0,0.0
520,1225152000,0.0,0.0,0.0,0.0,0.0,0.0
521,1225238400,0.0,0.0,0.0,0.0,0.0,0.0
522,1225324800,0.0,0.0,0.0,0.0,0.0,0.0
523,1225411200,0.0,0.0,0.0,0.0,0.0,0.0
524,1225497600,0.0,0.0,0.0,0.0,0.0,0.0
525,1225584000,0.0,0.0,0.0,0.0,0.0,0.0
526,1225670400,0.0,0.0,0.0,0.0,0.0,0.0
527,1225756800,0.0,0.0,0.0,0.0,0.0,0.0
528,1225843200,0.0,0.0,0.0,0.0,0.0,0.0
529,1225929600,0.0,0.0,0.0,0.0,0.0,0.0
530,1226016000,0.0,0.0,0.0,0.0,0.0,0.0
531,1226102400,0.0,0.0,0.0,0.0,0.0,0.0
532,1226188800,0.0,0.0,0.0,0.0,0.0,0.0
533,1226275200,0.0,0.0,0.0,0.0,0.0,0.0
534,1226361600,0.0,0.0,0.0,0.0,0.0,0.0
535,1226448000,0.0,0.0,0.0,0.0,0.0,0.0
536,1226534400,0.0,0.0,0.0,0.0,0.0,0.0
537,1226620800,0.0,0.0,0.0,0.0,0.0,0.0
538,1226707200,0.0,0.0,0.0,0.0,0.0,0.0
539,1226793600,0.0,0.0,0.0,0.0,0.0,0.0
540,1226880000,0.0,0.0,0.0,0.0,0.0,0.0
541,1226966400,0.0,0.0,0.0,0.0,0.0,0.0
542,1227052800,0.0,0.0,0.0,0.0,0.0,0.0
543,1227139200,0.0,0.0,0.0,0.0,0.0,0.0
544,1227225600,0.0,0.0,0.0,0.0,0.0,0.0
545,1227312000,0.0,0.0,0.0,0.0,0.0,0.0
546,1227398400,0.0,0.0,0.0,0.0,0.0,0.0
547,1227484800,0.0,0.0,0.0,0.0,0.0,0.0
548,1227571200,0.0,0.0,0.0,0.0,0.0,0.0
549,1227657600,0.0,0.0,0.0,0.0,0.0,0.0
550,1227744000,0.0,0.0,0.0,0.0,0.0,0.0
551,1227830400,0.0,0.0,0.0,0.0,0.0,0.0
552,1227916800,0.0,0.0,0.0,0.0,0.0,0.0
553,1228003200,0.0,0.0,0.0,0.0,0.0,0.0
554,1228089600,0.0,0.0,0.0,0.0,0.0,0.0
555,1228176000,0.0,0.0,0.0,0.0,0.0,0.0
556,1228262400,0.0,0.0,0.0,0.0,0.0,0.0
557,1228348800,0.0,0.0,0.0,0.0,0.0,0.0
558,1228435200,0.0,0.0,0.0,0.0,0.0,0.0
559,1228521600,0.0,0.0,0.0,0.0,0.0,0.0
560,1228608000,0.0,0.0,0.0,0.0,0.0,0.0
561,1228694400,0.0,0.0,0.0,0.0,0.0,0.0
562,1228780800,0.0,0.0,0.0,0.0,0.0,0.0
563,1228867200,0.0,0.0,0.0,0.0,0.0,0.0
564,1228953600,0.0,0.0,0.0,0.0,0.0,0.0
565,1229040000,0.0,0.0,0.0,0.0,0.0,0.0
566,1229126400,0.0,0.0,0.0,0.0,0.0,0.0
567,1229212800,0.0,0.0,0.0,0.0,0.0,0.0
568,1229299200,0.0,0.0,0.0,0.0,0.0,0.0
569,1229385600,0.0,0.0,0.0,0.0,0.0,0.0
570,1229472000,0.0,0.0,0.0,0.0,0.0,0.0
571,1229558400,0.0,0.0,0.0,0.0,0.0,0.0
572,1229644800,0.0,0.0,0.0,0.0,0.0,0.0
573,1229731200,0.0,0.0,0.0,0.0,0.0,0.0
574,1229817600,0.0,0.0,0.0,0.0,0.0,0.0
575,1229904000,0.0,0.0,0.0,0.0,0.0,0.0
576,1229990400,0.0,0.0,0.0,0.0,0.0,0.0
577,1230076800,0.0,0.0,0.0,0.0,0.0,0.0
578,1230163200,0.0,0.0,0.0,0.0,0.0,0.0
579,1230249600,0.0,0.0,0.0,0.0,0.0,0.0
580,1230336000,0.0,0.0,0.0,0.0,0.0,0.0
581,1230422400,0.0,0.0,0.0,0.0,0.0,0.0
582,1230508800,0.0,0.0,0.0,0.0,0.0,0.0
583,1230595200,0.0,0.0,0.0,0.0,0.0,0.0
584,1230681600,0.0,0.0,0.0,0.0,0.0,0.0
585,1230768000,0.0,0.0,0.0,0.0,0.0,0.0
586,1230854400,0.0,0.0,0.0,0.0,0.0,0.0
587,1230940800,0.0,0.0,0.0,0.0,0.0,0.0
588,1231027200,0.0,0.0,0.0,0.0,0.0,0.0
589,1231113600,0.0,0.0,0.0,0.0,0.0,0.0
590,1231200000,0.0,0.0,0.0,0.0,0.0,0.0
591,1231286400,0.0,0.0,0.0,0.0,0.0,0.0
592,1231372800,0.0,0.0,0.0,0.0,0.0,0.0
593,1231459200,0.0,0.0,0.0,0.0,0.0,0.0
594,1231545600,0.0,0.0,0.0,0.0,0.0,0.0
595,1231632000,0.0,0.0,0.0,0.0,0.0,0.0
596,1231718400,0.0,0.0,0.0,0.0,0.0,0.0
597,1231804800,0.0,0.0,0.0,0.0,0.0,0.0
598,1231891200,0.0,0.0,0.0,0.0,0.0,0.0
599,1231977600,0.0,0.0,0.0,0.0,0.0,0.0
600,1232064000,0.0,0.0,0.0,0.0,0.0,0.0
601,1232150400,0.0,0.0,0.0,0.0,0.0,0.0
602,1232236800,0.0,0.0,0.0,0.0,0.0,0.0
603,1232323200,0.0,0.0,0.0,0.0,0.0,0.0
604,1232409600,0.0,0.0,0.0,0.0,0.0,0.0
605,1232496000,0.0,0.0,0.0,0.0,0.0,0.0
606,1232582400,0.0,0.0,0.0,0.0,0.0,0.0
607,1232668800,0.0,0.0,0.0,0.0,0.0,0.0
608,1232755200,0.0,0.0,0.0,0.0,0.0,0.0
609,1232841600,0.0,0.0,0.0,0.0,0.0,0.0
610,1232928000,0.0,0.0,0.0,0.0,0.0,0.0
611,1233014400,0.0,0.0,0.0,0.0,0.0,0.0
612,1233100800,0.0,0.0,0.0,0.0,0.0,0.0
613,1233187200,0.0,0.0,0.0,0.0,0.0,0.0
614,1233273600,0.0,0.0,0.0,0.0,0.0,0.0
615,1233360000,0.0,0.0,0.0,0.0,0.0,0.0
616,1233446400,0.0,0.0,0.0,0.0,0.0,0.0
617,1233532800,0.0,0.0,0.0,0.0,0.0,0.0
618,1233619200,0.0,0.0,0.0,0.0,0.0,0.0
619,1233705600,0.0,0.0,0.0,0.0,0.0,0.0
620,1233792000,0.0,0.0,0.0,0.0,0.0,0.0
621,1233878400,0.0,0.0,0.0,0.0,0.0,0.0
622,1233964800,0.0,0.0,0.0,0.0,0.0,0.0
623,1234051200,0.0,0.0,0.0,0.0,0.0,0.0
624,1234137600,0.0,0.0,0.0,0.0,0.0,0.0
625,1234224000,0.0,0.0,0.0,0.0,0.0,0.0
626,1234310400,0.0,0.0,0.0,0.0,0.0,0.0
627,1234396800,0.0,0.0,0.0,0.0,0.0,0.0
628,1234483200,0.0,0.0,0.0,0.0,0.0,0.0
629,1234569600,0.0,0.0,0.0,0.0,0.0,0.0
630,1234656000,0.0,0.0,0.0,0.0,0.0,0.0
631,1234742400,0.0,0.0,0.0,0.0,0.0,0.0
632,1234828800,0.0,0.0,0.0,0.0,0.0,0.0
633,1234915200,0.0,0.0,0.0,0.0,0.0,0.0
634,1235001600,0.0,0.0,0.0,0.0,0.0,0.0
635,1235088000,0.0,0.0,0.0,0.0,0.0,0.0
636,1235174400,0.0,0.0,0.0,0.0,0.0,0.0
637,1235260800,0.0,0.0,0.0,0.0,0.0,0.0
638,1235347200,0.0,0.0,0.0,0.0,0.0,0.0
639,1235433600,0.0,0.0,0.0,0.0,0.0,0.0
640,1235520000,0.0,0.0,0.0,0.0,0.0,0.0
641,1235606400,0.0,0.0,0.0,0.0,0.0,0.0
642,1235692800,0.0,0.0,0.0,0.0,0.0,0.0
643,1235779200,0.0,0.0,0.0,0.0,0.0,0.0
644,1235865600,0.0,0.0,0.0,0.0,0.0,0.0
645,1235952000,0.0,0.0,0.0,0.0,0.0,0.0
646,1236038400,0.0,0.0,0.0,0.0,0.0,0.0
647,1236124800,0.0,0.0,0.0,0.0,0.0,0.0
648,1236211200,0.0,0.0,0.0,0.0,0.0,0.0
649,1236297600,0.0,0.0,0.0,0.0,0.0,0.0
650,1236384000,0.0,0.0,0.0,0.0,0.0,0.0
651,1236470400,0.0,0.0,0.0,0.0,0.0,0.0
652,1236556800,0.0,0.0,0.0,0.0,0.0,0.0
653,1236643200,0.0,0.0,0.0,0.0,0.0,0.0
654,1236729600,0.0,0.0,0.0,0.0,0.0,0.0
655,1236816000,0.0,0.0,0.0,0.0,0.0,0.0
656,1236902400,0.0,0.0,0.0,0.0,0.0,0.0
657,1236988800,0.0,0.0,0.0,0.0,0.0,0.0
658,1237075200,0.0,0.0,0.0,0.0,0.0,0.0
659,1237161600,0.0,0.0,0.0,0.0,0.0,0.0
660,1237248000,0.0,0.0,0.0,0.0,0.0,0.0
661,1237334400,0.0,0.0,0.0,0.0,0.0,0.0
662,1237420800,0.0,0.0,0.0,0.0,0.0,0.0
663,1237507200,0.0,0.0,0.0,0.0,0.0,0.0
664,1237593600,0.0,0.0,0.0,0.0,0.0,0.0
665,1237680000,0.0,0.0,0.0,0.0,0.0,0.0
666,1237766400,0.0,0.0,0.0,0.0,0.0,0.0
667,1237852800,0.0,0.0,0.0,0.0,0.0,0.0
668,1237939200,0.0,0.0,0.0,0.0,0.0,0.0
669,1238025600,0.0,0.0,0.0,0.0,0.0,0.0
670,1238112000,0.0,0.0,0.0,0.0,0.0,0.0
671,1238198400,0.0,0.0,0.0,0.0,0.0,0.0
672,1238284800,0.0,0.0,0.0,0.0,0.0,0.0
673,1238371200,0.0,0.0,0.0,0.0,0.0,0.0
674,1238457600,0.0,0.0,0.0,0.0,0.0,0.0
675,1238544000,0.0,0.0,0.0,0.0,0.0,0.0
676,1238630400,0.0,0.0,0.0,0.0,0.0,0.0
677,1238716800,0.0,0.0,0.0,0.0,0.0,0.0
678,1238803200,0.0,0.0,0.0,0.0,0.0,0.0
679,1238889600,0.0,0.0,0.0,0.0,0.0,0.0
680,1238976000,0.0,0.0,0.0,0.0,0.0,0.0
681,1239062400,0.0,0.0,0.0,0.0,0.0,0.0
682,1239148800,0.0,0.0,0.0,0.0,0.0,0.0
683,1239235200,0.0,0.0,0.0,0.0,0.0,0.0
684,1239321600,0.0,0.0,0.0,0.0,0.0,0.0
685,1239408000,0.0,0.0,0.0,0.0,0.0,0.0
686,1239494400,0.0,0.0,0.0,0.0,0.0,0.0
687,1239580800,0.0,0.0,0.0,0.0,0.0,0.0
688,1239667200,0.0,0.0,0.0,0.0,0.0,0.0
689,1239753600,0.0,0.0,0.0,0.0,0.0,0.0
690,1239840000,0.0,0.0,0.0,0.0,0.0,0.0
691,1239926400,0.0,0.0,0.0,0.0,0.0,0.0
692,1240012800,0.0,0.0,0.0,0.0,0.0,0.0
693,1240099200,0.0,0.0,0.0,0.0,0.0,0.0
694,1240185600,0.0,0.0,0.0,0.0,0.0,0.0
695,1240272000,0.0,0.0,0.0,0.0,0.0,0.0
696,1240358400,0.0,0.0,0.0,0.0,0.0,0.0
697,1240444800,0.0,0.0,0.0,0.0,0.0,0.0
698,1240531200,0.0,0.0,0.0,0.0,0.0,0.0
699,1240617600,0.0,0.0,0.0,0.0,0.0,0.0
700,1240704000,0.0,0.0,0.0,0.0,0.0,0.0
701,1240790400,0.0,0.0,0.0,0.0,0.0,0.0
702,1240876800,0.0,0.0,0.0,0.0,0.0,0.0
703,1240963200,0.0,0.0,0.0,0.0,0.0,0.0
704,1241049600,0.0,0.0,0.0,0.0,0.0,0.0
705,1241136000,0.0,0.0,0.0,0.0,0.0,0.0
706,1241222400,0.0,0.0,0.0,0.0,0.0,0.0
707,1241308800,0.0,0.0,0.0,0.0,0.0,0.0
708,1241395200,0.0,0.0,0.0,0.0,0.0,0.0
709,1241481600,0.0,0.0,0.0,0.0,0.0,0.0
710,1241568000,0.0,0.0,0.0,0.0,0.0,0.0
711,1241654400,0.0,0.0,0.0,0.0,0.0,0.0
712,1241740800,0.0,0.0,0.0,0.0,0.0,0.0
713,1241827200,0.0,0.0,0.0,0.0,0.0,0.0
714,1241913600,0.0,0.0,0.0,0.0,0.0,0.0
715,1242000000,0.0,0.0,0.0,0.0,0.0,0.0
716,1242086400,0.0,0.0,0.0,0.0,0.0,0.0
717,1242172800,0.0,0.0,0.0,0.0,0.0,0.0
718,1242259200,0.0,0.0,0.0,0.0,0.0,0.0
719,1242345600,0.0,0.0,0.0,0.0,0.0,0.0
720,1242432000,0.0,0.0,0.0,0.0,0.0,0.0
721,1242518400,0.0,0.0,0.0,0.0,0.0,0.0
722,1242604800,0.0,0.0,0.0,0.0,0.0,0.0
723,1242691200,0.0,0.0,0.0,0.0,0.0,0.0
724,1242777600,0.0,0.0,0.0,0.0,0.0,0.0
725,1242864000,0.0,0.0,0.0,0.0,0.0,0.0
726,1242950400,0.0,0.0,0.0,0.0,0.0,0.0
727,1243036800,0.0,0.0,0.0,0.0,0.0,0.0
728,1243123200,0.0,0.0,0.0,0.0,0.0,0.0
729,1243209600,0.0,0.0,0.0,0.0,0.0,0.0
730,1243296000,0.0,0.0,0.0,0.0,0.0,0.0
731,1243382400,0.0,0.0,0.0,0.0,0.0,0.0
732,1243468800,0.0,0.0,0.0,0.0,0.0,0.0
733,1243555200,0.0,0.0,0.0,0.0,0.0,0.0
734,1243641600,0.0,0.0,0.0,0.0,0.0,0.0
735,1243728000,0.0,0.0,0.0,0.0,0.0,0.0
736,1243814400,0.0,0.0,0.0,0.0,0.0,0.0
737,1243900800,0.0,0.0,0.0,0.0,0.0,0.0
738,1243987200,0.0,0.0,0.0,0.0,0.0,0.0
739,1244073600,0.0,0.0,0.0,0.0,0.0,0.0
740,1244160000,0.0,0.0,0.0,0.0,0.0,0.0
741,1244246400,0.0,0.0,0.0,0.0,0.0,0.0
742,1244332800,0.0,0.0,0.0,0.0,0.0,0.0
743,1244419200,0.0,0.0,0.0,0.0,0.0,0.0
744,1244505600,0.0,0.0,0.0,0.0,0.0,0.0
745,1244592000,0.0,0.0,0.0,0.0,0.0,0.0
746,1244678400,0.0,0.0,0.0,0.0,0.0,0.0
747,1244764800,0.0,0.0,0.0,0.0,0.0,0.0
748,1244851200,0.0,0.0,0.0,0.0,0.0,0.0
749,1244937600,0.0,0.0,0.0,0.0,0.0,0.0
750,1245024000,0.0,0.0,0.0,0.0,0.0,0.0
751,1245110400,0.0,0.0,0.0,0.0,0.0,0.0
752,1245196800,0.0,0.0,0.0,0.0,0.0,0.0
753,1245283200,0.0,0.0,0.0,0.0,0.0,0.0
754,1245369600,0.0,0.0,0.0,0.0,0.0,0.0
755,1245456000,0.0,0.0,0.0,0.0,0.0,0.0
756,1245542400,0.0,0.0,0.0,0.0,0.0,0.0
757,1245628800,0.0,0.0,0.0,0.0,0.0,0.0
758,1245715200,0.0,0.0,0.0,0.0,0.0,0.0
759,1245801600,0.0,0.0,0.0,0.0,0.0,0.0
760,1245888000,0.0,0.0,0.0,0.0,0.0,0.0
761,1245974400,0.0,0.0,0.0,0.0,0.0,0.0
762,1246060800,0.0,0.0,0.0,0.0,0.0,0.0
763,1246147200,0.0,0.0,0.0,0.0,0.0,0.0
764,1246233600,0.0,0.0,0.0,0.0,0.0,0.0
765,1246320000,0.0,0.0,0.0,0.0,0.0,0.0
766,1246406400,0.0,0.0,0.0,0.0,0.0,0.0
767,1246492800,0.0,0.0,0.0,0.0,0.0,0.0
768,1246579200,0.0,0.0,0.0,0.0,0.0,0.0
769,1246665600,0.0,0.0,0.0,0.0,0.0,0.0
770,1246752000,0.0,0.0,0.0,0.0,0.0,0.0
771,1246838400,0.0,0.0,0.0,0.0,0.0,0.0
772,1246924800,0.0,0.0,0.0,0.0,0.0,0.0
773,1247011200,0.0,0.0,0.0,0.0,0.0,0.0
774,1247097600,0.0,0.0,0.0,0.0,0.0,0.0
775,1247184000,0.0,0.0,0.0,0.0,0.0,0.0
776,1247270400,0.0,0.0,0.0,0.0,0.0,0.0
777,1247356800,0.0,0.0,0.0,0.0,0.0,0.0
778,1247443200,0.0,0.0,0.0,0.0,0.0,0.0
779,1247529600,0.0,0.0,0.0,0.0,0.0,0.0
780,1247616000,0.0,0.0,0.0,0.0,0.0,0.0
781,1247702400,0.0,0.0,0.0,0.0,0.0,0.0
782,1247788800,0.0,0.0,0.0,0.0,0.0,0.0
783,1247875200,0.0,0.0,0.0,0.0,0.0,0.0
784,1247961600,0.0,0.0,0.0,0.0,0.0,0.0
785,1248048000,0.0,0.0,0.0,0.0,0.0,0.0
786,1248134400,0.0,0.0,0.0,0.0,0.0,0.0
787,1248220800,0.0,0.0,0.0,0.0,0.0,0.0
788,1248307200,0.0,0.0,0.0,0.0,0.0,0.0
789,1248393600,0.0,0.0,0.0,0.0,0.0,0.0
790,1248480000,0.0,0.0,0.0,0.0,0.0,0.0
791,1248566400,0.0,0.0,0.0,0.0,0.0,0.0
792,1248652800,0.0,0.0,0.0,0.0,0.0,0.0
793,1248739200,0.0,0.0,0.0,0.0,0.0,0.0
794,1248825600,0.0,0.0,0.0,0.0,0.0,0.0
795,1248912000,0.0,0.0,0.0,0.0,0.0,0.0
796,1248998400,0.0,0.0,0.0,0.0,0.0,0.0
797,1249084800,0.0,0.0,0.0,0.0,0.0,0.0
798,1249171200,0.0,0.0,0.0,0.0,0.0,0.0
799,1249257600,0.0,0.0,0.0,0.0,0.0,0.0
800,1249344000,0.0,0.0,0.0,0.0,0.0,0.0
801,1249430400,0.0,0.0,0.0,0.0,0.0,0.0
802,1249516800,0.0,0.0,0.0,0.0,0.0,0.0
803,1249603200,0.0,0.0,0.0,0.0,0.0,0.0
804,1249689600,0.0,0.0,0.0,0.0,0.0,0.0
805,1249776000,0.0,0.0,0.0,0.0,0.0,0.0
806,1249862400,0.0,0.0,0.0,0.0,0.0,0.0
807,1249948800,0.0,0.0,0.0,0.0,0.0,0.0
808,1250035200,0.0,0.0,0.0,0.0,0.0,0.0
809,1250121600,0.0,0.0,0.0,0.0,0.0,0.0
810,1250208000,0.0,0.0,0.0,0.0,0.0,0.0
811,1250294400,0.0,0.0,0.0,0.0,0.0,0.0
812,1250380800,0.0,0.0,0.0,0.0,0.0,0.0
813,1250467200,0.0,0.0,0.0,0.0,0.0,0.0
814,1250553600,0.0,0.0,0.0,0.0,0.0,0.0
815,1250640000,0.0,0.0,0.0,0.0,0.0,0.0
816,1250726400,0.0,0.0,0.0,0.0,0.0,0.0
817,1250812800,0.0,0.0,0.0,0.0,0.0,0.0
818,1250899200,0.0,0.0,0.0,0.0,0.0,0.0
819,1250985600,0.0,0.0,0.0,0.0,0.0,0.0
820,1251072000,0.0,0.0,0.0,0.0,0.0,0.0
821,1251158400,0.0,0.0,0.0,0.0,0.0,0.0
822,1251244800,0.0,0.0,0.0,0.0,0.0,0.0
823,1251331200,0.0,0.0,0.0,0.0,0.0,0.0
824,1251417600,0.0,0.0,0.0,0.0,0.0,0.0
825,1251504000,0.0,0.0,0.0,0.0,0.0,0.0
826,1251590400,0.0,0.0,0.0,0.0,0.0,0.0
827,1251676800,0.0,0.0,0.0,0.0,0.0,0.0
828,1251763200,0.0,0.0,0.0,0.0,0.0,0.0
829,1251849600,0.0,0.0,0.0,0.0,0.0,0.0
830,1251936000,0.0,0.0,0.0,0.0,0.0,0.0
831,1252022400,0.0,0.0,0.0,0.0,0.0,0.0
832,1252108800,0.0,0.0,0.0,0.0,0.0,0.0
833,1252195200,0.0,0.0,0.0,0.0,0.0,0.0
834,1252281600,0.0,0.0,0.0,0.0,0.0,0.0
835,1252368000,0.0,0.0,0.0,0.0,0.0,0.0
836,1252454400,0.0,0.0,0.0,0.0,0.0,0.0
837,1252540800,0.0,0.0,0.0,0.0,0.0,0.0
838,1252627200,0.0,0.0,0.0,0.0,0.0,0.0
839,1252713600,0.0,0.0,0.0,0.0,0.0,0.0
840,1252800000,0.0,0.0,0.0,0.0,0.0,0.0
841,1252886400,0.0,0.0,0.0,0.0,0.0,0.0
842,1252972800,0.0,0.0,0.0,0.0,0.0,0.0
843,1253059200,0.0,0.0,0.0,0.0,0.0,0.0
844,1253145600,0.0,0.0,0.0,0.0,0.0,0.0
845,1253232000,0.0,0.0,0.0,0.0,0.0,0.0
846,1253318400,0.0,0.0,0.0,0.0,0.0,0.0
847,1253404800,0.0,0.0,0.0,0.0,0.0,0.0
848,1253491200,0.0,0.0,0.0,0.0,0.0,0.0
849,1253577600,0.0,0.0,0.0,0.0,0.0,0.0
850,1253664000,0.0,0.0,0.0,0.0,0.0,0.0
851,1253750400,0.0,0.0,0.0,0.0,0.0,0.0
852,1253836800,0.0,0.0,0.0,0.0,0.0,0.0
853,1253923200,0.0,0.0,0.0,0.0,0.0,0.0
854,1254009600,0.0,0.0,0.0,0.0,0.0,0.0
855,1254096000,0.0,0.0,0.0,0.0,0.0,0.0
856,1254182400,0.0,0.0,0.0,0.0,0.0,0.0
857,1254268800,0.0,0.0,0.0,0.0,0.0,0.0
858,1254355200,0.0,0.0,0.0,0.0,0.0,0.0
859,1254441600,0.0,0.0,0.0,0.0,0.0,0.0
860,1254528000,0.0,0.0,0.0,0.0,0.0,0.0
861,1254614400,0.0,0.0,0.0,0.0,0.0,0.0
862,1254700800,0.0,0.0,0.0,0.0,0.0,0.0
863,1254787200,0.0,0.0,0.0,0.0,0.0,0.0
864,1254873600,0.0,0.0,0.0,0.0,0.0,0.0
865,1254960000,0.0,0.0,0.0,0.0,0.0,0.0
866,1255046400,0.0,0.0,0.0,0.0,0.0,0.0
867,1255132800,0.0,0.0,0.0,0.0,0.0,0.0
868,1255219200,0.0,0.0,0.0,0.0,0.0,0.0
869,1255305600,0.0,0.0,0.0,0.0,0.0,0.0
870,1255392000,0.0,0.0,0.0,0.0,0.0,0.0
871,1255478400,0.0,0.0,0.0,0.0,0.0,0.0
872,1255564800,0.0,0.0,0.0,0.0,0.0,0.0
873,1255651200,0.0,0.0,0.0,0.0,0.0,0.0
874,1255737600,0.0,0.0,0.0,0.0,0.0,0.0
875,1255824000,0.0,0.0,0.0,0.0,0.0,0.0
876,1255910400,0.0,0.0,0.0,0.0,0.0,0.0
877,1255996800,0.0,0.0,0.0,0.0,0.0,0.0
878,1256083200,0.0,0.0,0.0,0.0,0.0,0.0
879,1256169600,0.0,0.0,0.0,0.0,0.0,0.0
880,1256256000,0.0,0.0,0.0,0.0,0.0,0.0
881,1256342400,0.0,0.0,0.0,0.0,0.0,0.0
882,1256428800,0.0,0.0,0.0,0.0,0.0,0.0
883,1256515200,0.0,0.0,0.0,0.0,0.0,0.0
884,1256601600,0.0,0.0,0.0,0.0,0.0,0.0
885,1256688000,0.0,0.0,0.0,0.0,0.0,0.0
886,1256774400,0.0,0.0,0.0,0.0,0.0,0.0
887,1256860800,0.0,0.0,0.0,0.0,0.0,0.0
888,1256947200,0.0,0.0,0.0,0.0,0.0,0.0
889,1257033600,0.0,0.0,0.0,0.0,0.0,0.0
890,1257120000,0.0,0.0,0.0,0.0,0.0,0.0
891,1257206400,0.0,0.0,0.0,0.0,0.0,0.0
892,1257292800,0.0,0.0,0.0,0.0,0.0,0.0
893,1257379200,0.0,0.0,0.0,0.0,0.0,0.0
894,1257465600,0.0,0.0,0.0,0.0,0.0,0.0
895,1257552000,0.0,0.0,0.0,0.0,0.0,0.0
896,1257638400,0.0,0.0,0.0,0.0,0.0,0.0
897,1257724800,0.0,0.0,0.0,0.0,0.0,0.0
898,1257811200,0.0,0.0,0.0,0.0,0.0,0.0
899,1257897600,0.0,0.0,0.0,0.0,0.0,0.0
900,1257984000,0.0,0.0,0.0,0.0,0.0,0.0
901,1258070400,0.0,0.0,0.0,0.0,0.0,0.0
902,1258156800,0.0,0.0,0.0,0.0,0.0,0.0
903,1258243200,0.0,0.0,0.0,0.0,0.0,0.0
904,1258329600,0.0,0.0,0.0,0.0,0.0,0.0
905,1258416000,0.0,0.0,0.0,0.0,0.0,0.0
906,1258502400,0.0,0.0,0.0,0.0,0.0,0.0
907,1258588800,0.0,0.0,0.0,0.0,0.0,0.0
908,1258675200,0.0,0.0,0.0,0.0,0.0,0.0
909,1258761600,0.0,0.0,0.0,0.0,0.0,0.0
910,1258848000,0.0,0.0,0.0,0.0,0.0,0.0
911,1258934400,0.0,0.0,0.0,0.0,0.0,0.0
912,1259020800,0.0,0.0,0.0,0.0,0.0,0.0
913,1259107200,0.0,0.0,0.0,0.0,0.0,0.0
914,1259193600,0.0,0.0,0.0,0.0,0.0,0.0
915,1259280000,0.0,0.0,0.0,0.0,0.0,0.0
916,1259366400,0.0,0.0,0.0,0.0,0.0,0.0
917,1259452800,0.0,0.0,0.0,0.0,0.0,0.0
918,1259539200,0.0,0.0,0.0,0.0,0.0,0.0
919,1259625600,0.0,0.0,0.0,0.0,0.0,0.0
920,1259712000,0.0,0.0,0.0,0.0,0.0,0.0
921,1259798400,0.0,0.0,0.0,0.0,0.0,0.0
922,1259884800,0.0,0.0,0.0,0.0,0.0,0.0
923,1259971200,0.0,0.0,0.0,0.0,0.0,0.0
924,1260057600,0.0,0.0,0.0,0.0,0.0,0.0
925,1260144000,0.0,0.0,0.0,0.0,0.0,0.0
926,1260230400,0.0,0.0,0.0,0.0,0.0,0.0
927,1260316800,0.0,0.0,0.0,0.0,0.0,0.0
928,1260403200,0.0,0.0,0.0,0.0,0.0,0.0
929,1260489600,0.0,0.0,0.0,0.0,0.0,0.0
930,1260576000,0.0,0.0,0.0,0.0,0.0,0.0
931,1260662400,0.0,0.0,0.0,0.0,0.0,0.0
932,1260748800,0.0,0.0,0.0,0.0,0.0,0.0
933,1260835200,0.0,0.0,0.0,0.0,0.0,0.0
934,1260921600,0.0,0.0,0.0,0.0,0.0,0.0
935,1261008000,0.0,0.0,0.0,0.0,0.0,0.0
936,1261094400,0.0,0.0,0.0,0.0,0.0,0.0
937,1261180800,0.0,0.0,0.0,0.0,0.0,0.0
938,1261267200,0.0,0.0,0.0,0.0,0.0,0.0
939,1261353600,0.0,0.0,0.0,0.0,0.0,0.0
940,1261440000,0.0,0.0,0.0,0.0,0.0,0.0
941,1261526400,0.0,0.0,0.0,0.0,0.0,0.0
942,1261612800,0.0,0.0,0.0,0.0,0.0,0.0
943,1261699200,0.0,0.0,0.0,0.0,0.0,0.0
944,1261785600,0.0,0.0,0.0,0.0,0.0,0.0
945,1261872000,0.0,0.0,0.0,0.0,0.0,0.0
946,1261958400,0.0,0.0,0.0,0.0,0.0,0.0
947,1262044800,0.0,0.0,0.0,0.0,0.0,0.0
948,1262131200,0.0,0.0,0.0,0.0,0.0,0.0
949,1262217600,0.0,0.0,0.0,0.0,0.0,0.0
950,1262304000,0.0,0.0,0.0,0.0,0.0,0.0
951,1262390400,0.0,0.0,0.0,0.0,0.0,0.0
952,1262476800,0.0,0.0,0.0,0.0,0.0,0.0
953,1262563200,0.0,0.0,0.0,0.0,0.0,0.0
954,1262649600,0.0,0.0,0.0,0.0,0.0,0.0
955,1262736000,0.0,0.0,0.0,0.0,0.0,0.0
956,1262822400,0.0,0.0,0.0,0.0,0.0,0.0
957,1262908800,0.0,0.0,0.0,0.0,0.0,0.0
958,1262995200,0.0,0.0,0.0,0.0,0.0,0.0
959,1263081600,0.0,0.0,0.0,0.0,0.0,0.0
960,1263168000,0.0,0.0,0.0,0.0,0.0,0.0
961,1263254400,0.0,0.0,0.0,0.0,0.0,0.0
962,1263340800,0.0,0.0,0.0,0.0,0.0,0.0
963,1263427200,0.0,0.0,0.0,0.0,0.0,0.0
964,1263513600,0.0,0.0,0.0,0.0,0.0,0.0
965,1263600000,0.0,0.0,0.0,0.0,0.0,0.0
966,1263686400,0.0,0.0,0.0,0.0,0.0,0.0
967,1263772800,0.0,0.0,0.0,0.0,0.0,0.0
968,1263859200,0.0,0.0,0.0,0.0,0.0,0.0
969,1263945600,0.0,0.0,0.0,0.0,0.0,0.0
970,1264032000,0.0,0.0,0.0,0.0,0.0,0.0
971,1264118400,0.0,0.0,0.0,0.0,0.0,0.0
972,1264204800,0.0,0.0,0.0,0.0,0.0,0.0
973,1264291200,0.0,0.0,0.0,0.0,0.0,0.0
974,1264377600,0.0,0.0,0.0,0.0,0.0,0.0
975,1264464000,0.0,0.0,0.0,0.0,0.0,0.0
976,1264550400,0.0,0.0,0.0,0.0,0.0,0.0
977,1264636800,0.0,0.0,0.0,0.0,0.0,0.0
978,1264723200,0.0,0.0,0.0,0.0,0.0,0.0
979,1264809600,0.0,0.0,0.0,0.0,0.0,0.0
980,1264896000,0.0,0.0,0.0,0.0,0.0,0.0
981,1264982400,0.0,0.0,0.0,0.0,0.0,0.0
982,1265068800,0.0,0.0,0.0,0.0,0.0,0.0
983,1265155200,0.0,0.0,0.0,0.0,0.0,0.0
984,1265241600,0.0,0.0,0.0,0.0,0.0,0.0
985,1265328000,0.0,0.0,0.0,0.0,0.0,0.0
986,1265414400,0.0,0.0,0.0,0.0,0.0,0.0
987,1265500800,0.0,0.0,0.0,0.0,0.0,0.0
988,1265587200,0.0,0.0,0.0,0.0,0.0,0.0
989,1265673600,0.0,0.0,0.0,0.0,0.0,0.0
990,1265760000,0.0,0.0,0.0,0.0,0.0,0.0
991,1265846400,0.0,0.0,0.0,0.0,0.0,0.0
992,1265932800,0.0,0.0,0.0,0.0,0.0,0.0
993,1266019200,0.0,0.0,0.0,0.0,0.0,0.0
994,1266105600,0.0,0.0,0.0,0.0,0.0,0.0
995,1266192000,0.0,0.0,0.0,0.0,0.0,0.0
996,1266278400,0.0,0.0,0.0,0.0,0.0,0.0
997,1266364800,0.0,0.0,0.0,0.0,0.0,0.0
998,1266451200,0.0,0.0,0.0,0.0,0.0,0.0
999,1266537600,0.0,0.0,0.0,0.0,0.0,0.0
1000,1266624000,0.0,0.0,0.0,0.0,0.0,0.0
1001,1266710400,0.0,0.0,0.0,0.0,0.0,0.0
1002,1266796800,0.0,0.0,0.0,0.0,0.0,0.0
1003,1266883200,0.0,0.0,0.0,0.0,0.0,0.0
1004,1266969600,0.0,0.0,0.0,0.0,0.0,0.0
1005,1267056000,0.0,0.0,0.0,0.0,0.0,0.0
1006,1267142400,0.0,0.0,0.0,0.0,0.0,0.0
1007,1267228800,0.0,0.0,0.0,0.0,0.0,0.0
1008,1267315200,0.0,0.0,0.0,0.0,0.0,0.0
1009,1267401600,0.0,0.0,0.0,0.0,0.0,0.0
1010,1267488000,0.0,0.0,0.0,0.0,0.0,0.0
1011,1267574400,0.0,0.0,0.0,0.0,0.0,0.0
1012,1267660800,0.0,0.0,0.0,0.0,0.0,0.0
1013,1267747200,0.0,0.0,0.0,0.0,0.0,0.0
1014,1267833600,0.0,0.0,0.0,0.0,0.0,0.0
1015,1267920000,0.0,0.0,0.0,0.0,0.0,0.0
1016,1268006400,0.0,0.0,0.0,0.0,0.0,0.0
1017,1268092800,0.0,0.0,0.0,0.0,0.0,0.0
1018,1268179200,0.0,0.0,0.0,0.0,0.0,0.0
1019,1268265600,0.0,0.0,0.0,0.0,0.0,0.0
1020,1268352000,0.0,0.0,0.0,0.0,0.0,0.0
1021,1268438400,0.0,0.0,0.0,0.0,0.0,0.0
1022,1268524800,0.0,0.0,0.0,0.0,0.0,0.0
1023,1268611200,0.0,0.0,0.0,0.0,0.0,0.0
1024,1268697600,0.0,0.0,0.0,0.0,0.0,0.0
1025,1268784000,0.0,0.0,0.0,0.0,0.0,0.0
1026,1268870400,0.0,0.0,0.0,0.0,0.0,0.0
1027,1268956800,0.0,0.0,0.0,0.0,0.0,0.0
1028,1269043200,0.0,0.0,0.0,0.0,0.0,0.0
1029,1269129600,0.0,0.0,0.0,0.0,0.0,0.0
1030,1269216000,0.0,0.0,0.0,0.0,0.0,0.0
1031,1269302400,0.0,0.0,0.0,0.0,0.0,0.0
1032,1269388800,0.0,0.0,0.0,0.0,0.0,0.0
1033,1269475200,0.0,0.0,0.0,0.0,0.0,0.0
1034,1269561600,0.0,0.0,0.0,0.0,0.0,0.0
1035,1269648000,0.0,0.0,0.0,0.0,0.0,0.0
1036,1269734400,0.0,0.0,0.0,0.0,0.0,0.0
1037,1269820800,0.0,0.0,0.0,0.0,0.0,0.0
1038,1269907200,0.0,0.0,0.0,0.0,0.0,0.0
1039,1269993600,0.0,0.0,0.0,0.0,0.0,0.0
1040,1270080000,0.0,0.0,0.0,0.0,0.0,0.0
1041,1270166400,0.0,0.0,0.0,0.0,0.0,0.0
1042,1270252800,0.0,0.0,0.0,0.0,0.0,0.0
1043,1270339200,0.0,0.0,0.0,0.0,0.0,0.0
1044,1270425600,0.0,0.0,0.0,0.0,0.0,0.0
1045,1270512000,0.0,0.0,0.0,0.0,0.0,0.0
1046,1270598400,0.0,0.0,0.0,0.0,0.0,0.0
1047,1270684800,0.0,0.0,0.0,0.0,0.0,0.0
1048,1270771200,0.0,0.0,0.0,0.0,0.0,0.0
1049,1270857600,0.0,0.0,0.0,0.0,0.0,0.0
1050,1270944000,0.0,0.0,0.0,0.0,0.0,0.0
1051,1271030400,0.0,0.0,0.0,0.0,0.0,0.0
1052,1271116800,0.0,0.0,0.0,0.0,0.0,0.0
1053,1271203200,0.0,0.0,0.0,0.0,0.0,0.0
1054,1271289600,0.0,0.0,0.0,0.0,0.0,0.0
1055,1271376000,0.0,0.0,0.0,0.0,0.0,0.0
1056,1271462400,0.0,0.0,0.0,0.0,0.0,0.0
1057,1271548800,0.0,0.0,0.0,0.0,0.0,0.0
1058,1271635200,0.0,0.0,0.0,0.0,0.0,0.0
1059,1271721600,0.0,0.0,0.0,0.0,0.0,0.0
1060,1271808000,0.0,0.0,0.0,0.0,0.0,0.0
1061,1271894400,0.0,0.0,0.0,0.0,0.0,0.0
1062,1271980800,0.0,0.0,0.0,0.0,0.0,0.0
1063,1272067200,0.0,0.0,0.0,0.0,0.0,0.0
1064,1272153600,0.0,0.0,0.0,0.0,0.0,0.0
1065,1272240000,0.0,0.0,0.0,0.0,0.0,0.0
1066,1272326400,0.0,0.0,0.0,0.0,0.0,0.0
1067,1272412800,0.0,0.0,0.0,0.0,0.0,0.0
1068,1272499200,0.0,0.0,0.0,0.0,0.0,0.0
1069,1272585600,0.0,0.0,0.0,0.0,0.0,0.0
1070,1272672000,0.0,0.0,0.0,0.0,0.0,0.0
1071,1272758400,0.0,0.0,0.0,0.0,0.0,0.0
1072,1272844800,0.0,0.0,0.0,0.0,0.0,0.0
1073,1272931200,0.0,0.0,0.0,0.0,0.0,0.0
1074,1273017600,0.0,0.0,0.0,0.0,0.0,0.0
1075,1273104000,0.0,0.0,0.0,0.0,0.0,0.0
1076,1273190400,0.0,0.0,0.0,0.0,0.0,0.0
1077,1273276800,0.0,0.0,0.0,0.0,0.0,0.0
1078,1273363200,0.0,0.0,0.0,0.0,0.0,0.0
1079,1273449600,0.0,0.0,0.0,0.0,0.0,0.0
1080,1273536000,0.0,0.0,0.0,0.0,0.0,0.0
1081,1273622400,0.0,0.0,0.0,0.0,0.0,0.0
1082,1273708800,0.0,0.0,0.0,0.0,0.0,0.0
1083,1273795200,0.0,0.0,0.0,0.0,0.0,0.0
1084,1273881600,0.0,0.0,0.0,0.0,0.0,0.0
1085,1273968000,0.0,0.0,0.0,0.0,0.0,0.0
1086,1274054400,0.0,0.0,0.0,0.0,0.0,0.0
1087,1274140800,0.0,0.0,0.0,0.0,0.0,0.0
1088,1274227200,0.0,0.0,0.0,0.0,0.0,0.0
1089,1274313600,0.0,0.0,0.0,0.0,0.0,0.0
1090,1274400000,0.0,0.0,0.0,0.0,0.0,0.0
1091,1274486400,0.0,0.0,0.0,0.0,0.0,0.0
1092,1274572800,0.0,0.0,0.0,0.0,0.0,0.0
1093,1274659200,0.0,0.0,0.0,0.0,0.0,0.0
1094,1274745600,0.0,0.0,0.0,0.0,0.0,0.0
1095,1274832000,0.0,0.0,0.0,0.0,0.0,0.0
1096,1274918400,0.0,0.0,0.0,0.0,0.0,0.0
1097,1275004800,0.0,0.0,0.0,0.0,0.0,0.0
1098,1275091200,0.0,0.0,0.0,0.0,0.0,0.0
1099,1275177600,0.0,0.0,0.0,0.0,0.0,0.0
1100,1275264000,0.0,0.0,0.0,0.0,0.0,0.0
1101,1275350400,0.0,0.0,0.0,0.0,0.0,0.0
1102,1275436800,0.0,0.0,0.0,0.0,0.0,0.0
1103,1275523200,0.0,0.0,0.0,0.0,0.0,0.0
1104,1275609600,0.0,0.0,0.0,0.0,0.0,0.0
1105,1275696000,0.0,0.0,0.0,0.0,0.0,0.0
1106,1275782400,0.0,0.0,0.0,0.0,0.0,0.0
1107,1275868800,0.0,0.0,0.0,0.0,0.0,0.0
1108,1275955200,0.0,0.0,0.0,0.0,0.0,0.0
1109,1276041600,0.0,0.0,0.0,0.0,0.0,0.0
1110,1276128000,0.0,0.0,0.0,0.0,0.0,0.0
1111,1276214400,0.0,0.0,0.0,0.0,0.0,0.0
1112,1276300800,0.0,0.0,0.0,0.0,0.0,0.0
1113,1276387200,0.0,0.0,0.0,0.0,0.0,0.0
1114,1276473600,0.0,0.0,0.0,0.0,0.0,0.0
1115,1276560000,0.0,0.0,0.0,0.0,0.0,0.0
1116,1276646400,0.0,0.0,0.0,0.0,0.0,0.0
1117,1276732800,0.0,0.0,0.0,0.0,0.0,0.0
1118,1276819200,0.0,0.0,0.0,0.0,0.0,0.0
1119,1276905600,0.0,0.0,0.0,0.0,0.0,0.0
1120,1276992000,0.0,0.0,0.0,0.0,0.0,0.0
1121,1277078400,0.0,0.0,0.0,0.0,0.0,0.0
1122,1277164800,0.0,0.0,0.0,0.0,0.0,0.0
1123,1277251200,0.0,0.0,0.0,0.0,0.0,0.0
1124,1277337600,0.0,0.0,0.0,0.0,0.0,0.0
1125,1277424000,0.0,0.0,0.0,0.0,0.0,0.0
1126,1277510400,0.0,0.0,0.0,0.0,0.0,0.0
1127,1277596800,0.0,0.0,0.0,0.0,0.0,0.0
1128,1277683200,0.0,0.0,0.0,0.0,0.0,0.0
1129,1277769600,0.0,0.0,0.0,0.0,0.0,0.0
1130,1277856000,0.0,0.0,0.0,0.0,0.0,0.0
1131,1277942400,0.0,0.0,0.0,0.0,0.0,0.0
1132,1278028800,0.0,0.0,0.0,0.0,0.0,0.0
1133,1278115200,0.0,0.0,0.0,0.0,0.0,0.0
1134,1278201600,0.0,0.0,0.0,0.0,0.0,0.0
1135,1278288000,0.0,0.0,0.0,0.0,0.0,0.0
1136,1278374400,0.0,0.0,0.0,0.0,0.0,0.0
1137,1278460800,0.0,0.0,0.0,0.0,0.0,0.0
1138,1278547200,0.0,0.0,0.0,0.0,0.0,0.0
1139,1278633600,0.0,0.0,0.0,0.0,0.0,0.0
1140,1278720000,0.0,0.0,0.0,0.0,0.0,0.0
1141,1278806400,0.0,0.0,0.0,0.0,0.0,0.0
1142,1278892800,0.0,0.0,0.0,0.0,0.0,0.0
1143,1278979200,0.0,0.0,0.0,0.0,0.0,0.0
1144,1279065600,0.0,0.0,0.0,0.0,0.0,0.0
1145,1279152000,0.0,0.0,0.0,0.0,0.0,0.0
1146,1279238400,0.0,0.0,0.0,0.0,0.0,0.0
1147,1279324800,0.04951,0.04951,0.04951,20.0,0.9902,0.04951
1148,1279411200,0.08585,0.04951,0.04951,75.01,5.092,0.08584
1149,1279497600,0.09307,0.07723,0.08584,574.0,49.66,0.0808
1150,1279584000,0.08181,0.07426,0.0808,262.0,20.59,0.07474
1151,1279670400,0.07921,0.06634,0.07474,575.0,42.26,0.07921
1152,1279756800,0.08181,0.0505,0.07921,2160.0,129.78,0.05842
1153,1279843200,0.06767,0.0505,0.05842,2402.5,141.07,0.06262
1154,1279929600,0.06262,0.05049,0.06262,496.32,26.73,0.05454
1155,1280016000,0.05941,0.0505,0.05454,1551.48,85.06,0.0505
1156,1280102400,0.056,0.05,0.0505,877.0,46.91,0.056
1157,1280188800,0.0605,0.053,0.056,3373.69,196.92,0.06
1158,1280275200,0.062,0.054,0.06,4390.29,255.76,0.0589
1159,1280361600,0.0699,0.0571,0.0589,8058.49,528.32,0.0699
1160,1280448000,0.0699,0.0582,0.0699,3020.85,198.53,0.0627
1161,1280534400,0.06889,0.056,0.0627,4022.25,243.9,0.06785
1162,1280620800,0.06785,0.06,0.06785,2601.0,162.65,0.0611
1163,1280707200,0.0633,0.06,0.0611,3599.0,221.2,0.0611
1164,1280793600,0.065,0.059,0.0611,9821.46,606.05,0.06
1165,1280880000,0.06231,0.057,0.06,3494.0,210.77,0.057
1166,1280966400,0.061,0.057,0.057,5034.07,303.61,0.061
1167,1281052800,0.0624,0.0607,0.061,1395.0,85.91,0.0623
1168,1281139200,0.0623,0.059,0.0623,2619.0,157.34,0.059
1169,1281225600,0.061,0.059,0.059,2201.0,132.6,0.0609
1170,1281312000,0.0735,0.0593,0.0609,13631.09,886.93,0.071
1171,1281398400,0.071,0.06651,0.071,1310.39,88.87,0.07
1172,1281484800,0.07541,0.06,0.07,14061.18,1015.64,0.067
1173,1281571200,0.07,0.06141,0.067,2062.31,134.49,0.07
1174,1281657600,0.07,0.0645,0.07,3591.77,233.8,0.0645
1175,1281744000,0.0695,0.0645,0.0645,4404.2,295.31,0.067
1176,1281830400,0.067,0.065,0.067,4462.87,294.95,0.06529
1177,1281916800,0.0679,0.062,0.06529,10731.47,696.8,0.0655
1178,1282003200,0.0769,0.06243,0.0655,13185.74,915.0,0.07
1179,1282089600,0.0733,0.067,0.07,2953.98,203.83,0.068
1180,1282176000,0.068,0.0667,0.068,741.12,50.04,0.0667
1181,1282262400,0.0667,0.065,0.0667,4199.75,276.41,0.0655
1182,1282348800,0.0669,0.0644,0.0655,10443.86,688.51,0.0664
1183,1282435200,0.0664,0.0612,0.0664,18648.97,1183.64,0.066
1184,1282521600,0.06689,0.063,0.066,4297.49,281.88,0.06491
1185,1282608000,0.0665,0.06491,0.06491,6711.76,444.66,0.065
1186,1282694400,0.0665,0.0641,0.065,4228.88,278.86,0.0648
1187,1282780800,0.0658,0.064,0.0648,3870.01,251.56,0.064
1188,1282867200,0.065,0.063,0.064,9009.97,583.71,0.065
1189,1282953600,0.065,0.0641,0.065,6174.01,399.45,0.0646
1190,1283040000,0.0648,0.064,0.0646,3173.4,204.88,0.064
1191,1283126400,0.069,0.03211,0.064,34193.14,2135.0,0.06497
1192,1283212800,0.06497,0.06,0.06497,14886.91,933.23,0.06
1193,1283299200,0.0629,0.05961,0.06,7164.72,436.73,0.0629
1194,1283385600,0.0634,0.0601,0.0629,8150.73,498.98,0.0634
1195,1283472000,0.0634,0.06085,0.0634,892.0,54.61,0.06085
1196,1283558400,0.06238,0.06085,0.06085,3301.0,202.27,0.06238
1197,1283644800,0.064,0.0605,0.06238,8459.24,527.97,0.06165
1198,1283731200,0.0627,0.0616,0.06165,910.0,56.13,0.0616
1199,1283817600,0.06201,0.0603,0.0616,3457.19,212.35,0.06101
1200,1283904000,0.062,0.06099,0.06101,2345.41,143.36,0.062
1201,1283990400,0.0624,0.06109,0.062,1733.5,107.68,0.06111
1202,1284076800,0.0618,0.06014,0.06111,4939.79,301.8,0.0618
1203,1284163200,0.065,0.0618,0.0618,7749.14,491.19,0.06366
1204,1284249600,0.06366,0.0615,0.06366,793.88,48.99,0.0615
1205,1284336000,0.064,0.0607,0.0615,10076.34,632.2,0.06219
1206,1284422400,0.175,0.061,0.06219,14014.81,876.76,0.06199
1207,1284508800,0.0625,0.0604,0.06199,3651.85,223.27,0.0604
1208,1284595200,0.0619,0.0604,0.0604,730.0,45.17,0.0619
1209,1284681600,0.0619,0.059,0.0619,7262.0,438.94,0.0601
1210,1284768000,0.061,0.05761,0.0601,7092.61,427.76,0.061
1211,1284854400,0.0627,0.06,0.061,12852.17,797.36,0.0627
1212,1284940800,0.0634,0.062,0.0627,14307.94,891.19,0.0621
1213,1285027200,0.0633,0.0621,0.0621,5735.95,359.82,0.06265
1214,1285113600,0.06265,0.06147,0.06265,11560.4,717.33,0.0622
1215,1285200000,0.063,0.0615,0.0622,15505.33,970.09,0.06231
1216,1285286400,0.0624,0.06209,0.06231,684.38,42.66,0.0622
1217,1285372800,0.0624,0.0617,0.0622,2152.5,133.05,0.06202
1218,1285459200,0.06228,0.06186,0.06202,12058.13,748.2,0.0622
1219,1285545600,0.06228,0.0619,0.0622,10752.25,668.53,0.06221
1220,1285632000,0.06271,0.0617,0.06221,7086.15,439.05,0.0619
1221,1285718400,0.062,0.0615,0.0619,23475.64,1450.79,0.06191
1222,1285804800,0.06191,0.06155,0.06191,7917.03,488.15,0.0619
1223,1285891200,0.062,0.06189,0.0619,1717.45,106.46,0.06197
1224,1285977600,0.06197,0.06125,0.06197,13059.74,802.52,0.0614
1225,1286064000,0.0614,0.061,0.0614,7172.63,439.88,0.06111
1226,1286150400,0.062,0.06081,0.06111,33995.37,2079.89,0.0613
1227,1286236800,0.06301,0.0609,0.0613,27526.61,1699.2,0.0614
1228,1286323200,0.0635,0.0612,0.0614,33433.3,2091.28,0.06281
1229,1286409600,0.067,0.0628,0.06281,43692.98,2812.79,0.067
1230,1286496000,0.088,0.01,0.067,139287.29,10784.23,0.08685
1231,1286582400,0.12,0.068,0.08685,187846.95,16104.87,0.0938
1232,1286668800,0.1301,0.07999,0.0938,50684.19,4889.35,0.0965
1233,1286755200,0.103,0.091,0.0965,14092.91,1395.23,0.095
1234,1286841600,0.099,0.082,0.095,25660.75,2396.82,0.0949
1235,1286928000,0.105,0.092,0.0949,47557.27,4558.52,0.105
1236,1287014400,0.105,0.065,0.105,37217.28,3701.65,0.102
1237,1287100800,0.119,0.092,0.102,24643.33,2554.91,0.105
1238,1287187200,0.105,0.1,0.105,6284.71,633.63,0.101
1239,1287273600,0.1045,0.1,0.101,18222.19,1857.8,0.102
1240,1287360000,0.103,0.097,0.102,25665.09,2591.64,0.1024
1241,1287446400,0.1024,0.097,0.1024,6235.1,623.34,0.097
1242,1287532800,0.103,0.094,0.097,31855.0,3221.08,0.099
1243,1287619200,0.109,0.097,0.099,44867.0,4616.85,0.107
1244,1287705600,0.109,0.1015,0.107,34603.91,3665.43,0.109
1245,1287792000,0.109,0.1045,0.109,4423.47,481.52,0.1055
1246,1287878400,0.19,0.1055,0.1055,13800.23,1560.61,0.115
1247,1287964800,0.19,0.09009,0.115,30299.64,4450.0,0.132
1248,1288051200,0.18,0.132,0.132,19219.13,2995.09,0.1503
1249,1288137600,0.19,0.1503,0.1503,65605.87,11594.02,0.1877
1250,1288224000,0.191,0.1731,0.1877,21525.04,4009.67,0.1731
1251,1288310400,0.19,0.173,0.1731,28686.85,5380.49,0.19
1252,1288396800,0.199,0.1875,0.19,26708.94,5112.03,0.1989
1253,1288483200,0.1989,0.171,0.1989,40337.76,7829.46,0.1925
1254,1288569600,0.1955,0.172,0.1925,21258.61,4049.75,0.1955
1255,1288656000,0.1955,0.1905,0.1955,5853.39,1121.34,0.1938
1256,1288742400,0.275,0.125,0.1938,61472.63,11769.61,0.1931
1257,1288828800,0.236,0.1931,0.1931,29698.43,6229.16,0.23
1258,1288915200,0.2639,0.2101,0.23,36622.07,8757.15,0.2639
1259,1289001600,0.5,0.2402,0.2639,32756.13,9396.96,0.39
1260,1289088000,0.47,0.286,0.39,77218.72,27937.74,0.34
1261,1289174400,0.37,0.2261,0.34,118203.83,38339.26,0.243
1262,1289260800,0.323,0.199,0.243,47983.39,12808.3,0.223
1263,1289347200,0.24,0.14,0.223,30387.03,6110.13,0.24
1264,1289433600,0.24,0.21,0.24,5031.88,1111.55,0.2231
1265,1289520000,0.29,0.223,0.2231,40720.39,10494.46,0.2682
1266,1289606400,0.3,0.2682,0.2682,21915.57,6351.58,0.276
1267,1289692800,0.299,0.2702,0.276,16844.33,4793.81,0.279
1268,1289779200,0.2828,0.2682,0.279,8507.74,2337.5,0.2682
1269,1289865600,0.275,0.223,0.2682,33931.01,8609.67,0.2251
1270,1289952000,0.29,0.2116,0.2251,32871.6,8662.61,0.24
1271,1290038400,0.283,0.2221,0.24,37446.67,10253.27,0.2678
1272,1290124800,0.28,0.2678,0.2678,2157.56,583.45,0.28
1273,1290211200,0.29,0.2682,0.28,14652.69,4119.07,0.283
1274,1290297600,0.283,0.2763,0.283,765.0,212.67,0.2767
1275,1290384000,0.2879,0.269,0.2767,28205.85,7818.64,0.2879
1276,1290470400,0.2879,0.276,0.2879,4856.92,1361.82,0.2829
1277,1290556800,0.283,0.2761,0.2829,2514.91,710.24,0.283
1278,1290643200,0.283,0.278,0.283,1679.6,469.99,0.28
1279,1290729600,0.289,0.2761,0.28,33531.88,9510.98,0.2844
1280,1290816000,0.2844,0.2826,0.2844,1825.39,515.9,0.283
1281,1290902400,0.2846,0.27,0.283,20802.13,5746.3,0.27
1282,1290988800,0.279,0.2151,0.27,35055.4,8802.06,0.2299
1283,1291075200,0.2299,0.204,0.2299,21476.25,4570.58,0.2082
1284,1291161600,0.2299,0.2082,0.2082,8157.89,1752.72,0.2275
1285,1291248000,0.2553,0.218,0.2275,20312.23,4800.55,0.255
1286,1291334400,0.2552,0.243,0.255,2570.34,633.78,0.251
1287,1291420800,0.2589,0.205,0.251,28560.72,6673.4,0.206
1288,1291507200,0.235,0.19,0.206,5740.18,1178.03,0.19
1289,1291593600,0.225,0.1841,0.19,4319.26,863.02,0.204
1290,1291680000,0.2477,0.1701,0.204,24592.92,5411.8,0.2402
1291,1291766400,0.2402,0.22,0.2402,3430.41,789.86,0.2388
1292,1291852800,0.2388,0.1701,0.2388,21336.33,4411.94,0.2
1293,1291939200,0.204,0.1825,0.2,1684.25,328.17,0.204
1294,1292025600,0.228,0.1907,0.204,5788.69,1267.2,0.228
1295,1292112000,0.228,0.2068,0.228,1963.56,418.8,0.22
1296,1292198400,0.23,0.21,0.22,6415.59,1425.92,0.2299
1297,1292284800,0.2468,0.21,0.2299,10388.1,2403.83,0.2467
1298,1292371200,0.2467,0.238,0.2467,3684.68,901.15,0.24
1299,1292457600,0.255,0.2222,0.24,14355.33,3522.62,0.25
1300,1292544000,0.25,0.24,0.25,525.51,130.19,0.24
1301,1292630400,0.2488,0.24,0.24,169.11,41.67,0.241
1302,1292716800,0.2499,0.24,0.241,2000.76,487.49,0.2401
1303,1292803200,0.275,0.24,0.2401,10682.71,2769.88,0.267
1304,1292889600,0.267,0.24,0.267,9225.79,2291.81,0.24
1305,1292976000,0.25,0.24,0.24,3800.46,949.38,0.25
1306,1293062400,0.25,0.241,0.25,8650.15,2160.74,0.25
1307,1293148800,0.25,0.242,0.25,5033.25,1252.05,0.248
1308,1293235200,0.25,0.2475,0.248,703.0,175.44,0.2499
1309,1293321600,0.27,0.2464,0.2499,16584.97,4203.03,0.265
1310,1293408000,0.27,0.251,0.265,4935.49,1270.15,0.265
1311,1293494400,0.281,0.2612,0.265,15438.71,4238.98,0.281
1312,1293580800,0.301,0.271,0.281,18609.14,5363.75,0.3
1313,1293667200,0.3,0.291,0.3,2539.87,759.92,0.3
1314,1293753600,0.3,0.292,0.3,1453.72,428.44,0.3
1315,1293840000,0.3,0.292,0.3,2821.24,841.95,0.3
1316,1293926400,0.3,0.289,0.3,5352.11,1584.66,0.3
1317,1294012800,0.3,0.29,0.3,1425.19,420.85,0.295
1318,1294099200,0.2999,0.289,0.295,1879.0,548.33,0.2989
1319,1294185600,0.299,0.29,0.2989,357.16,106.19,0.299
1320,1294272000,0.299,0.29,0.299,3456.49,1031.28,0.298
1321,1294358400,0.322,0.2975,0.298,42601.12,13152.15,0.32
1322,1294444800,0.3229,0.309,0.32,1629.44,512.04,0.3229
1323,1294531200,0.323,0.3229,0.3229,1691.37,546.18,0.323
1324,1294617600,0.329,0.3175,0.323,10355.83,3360.65,0.3266
1325,1294704000,0.3266,0.3176,0.3266,4857.8,1578.66,0.3266
1326,1294790400,0.3557,0.318,0.3266,31359.77,10508.17,0.3188
1327,1294876800,0.405,0.3176,0.3188,20118.9,7147.03,0.3176
1328,1294963200,0.45,0.3176,0.3176,27130.96,10691.11,0.4
1329,1295049600,0.4,0.385,0.4,1515.66,591.15,0.3861
1330,1295136000,0.4,0.386,0.3861,2778.71,1085.16,0.3868
1331,1295222400,0.3868,0.315,0.3868,18241.15,6360.69,0.3495
1332,1295308800,0.3495,0.305,0.3495,15671.51,4950.51,0.313
1333,1295395200,0.313,0.305,0.313,7291.63,2247.62,0.313
1334,1295481600,0.39,0.31,0.313,19881.98,6900.05,0.39
1335,1295568000,0.44,0.368,0.39,8477.55,3351.62,0.4199
1336,1295654400,0.4443,0.39,0.4199,10534.27,4513.91,0.4443
1337,1295740800,0.4443,0.42,0.4443,1148.4,505.83,0.4424
1338,1295827200,0.4424,0.381,0.4424,11061.94,4516.68,0.4199
1339,1295913600,0.425,0.4,0.4199,2163.72,901.25,0.41
1340,1296000000,0.42,0.3904,0.41,15564.81,6315.95,0.417
1341,1296086400,0.45,0.4085,0.417,27708.2,12086.9,0.4212
1342,1296172800,0.446,0.4212,0.4212,5324.5,2301.77,0.446
1343,1296259200,0.446,0.43,0.446,1448.38,643.63,0.439
1344,1296345600,0.48,0.439,0.439,10383.59,4775.81,0.4799
1345,1296432000,0.95,0.47,0.4799,63516.08,32708.4,0.5501
1346,1296518400,0.85,0.5201,0.5501,31562.12,23264.18,0.7077
1347,1296604800,0.76,0.69,0.7077,5627.48,4126.02,0.716
1348,1296691200,0.75,0.6501,0.716,8524.5,6064.12,0.6964
1349,1296777600,0.88,0.67,0.6964,42222.19,33965.74,0.811
1350,1296864000,0.92,0.811,0.811,15786.81,13634.2,0.92
1351,1296950400,0.92,0.83,0.92,8744.11,7608.77,0.8997
1352,1297036800,0.9,0.83,0.8997,2264.28,1949.54,0.89
1353,1297123200,0.918,0.8617,0.89,7021.29,6306.77,0.918
1354,1297209600,1.09,0.82,0.918,49632.5,47455.01,1.09
1355,1297296000,1.1,0.8,1.09,26559.64,25568.81,0.9803
1356,1297382400,1.09,0.9264,0.9803,13299.18,13213.54,1.07
1357,1297468800,1.08,0.9906,1.07,4118.92,4353.79,1.08
1358,1297555200,1.08,1.02,1.08,3240.64,3398.3,1.05
1359,1297641600,1.08,1.033,1.05,7096.55,7532.41,1.07
1360,1297728000,1.085,1.035,1.07,8616.58,9085.5,1.05
1361,1297814400,1.05,1.02,1.05,7192.38,7465.03,1.045
1362,1297900800,1.05,1.02,1.045,4009.84,4184.96,1.04
1363,1297987200,1.04,0.7801,1.04,36948.16,32719.75,0.8989
1364,1298073600,0.98,0.8376,0.8989,3798.71,3454.72,0.949
1365,1298160000,0.949,0.83,0.949,9974.05,8503.38,0.865
1366,1298246400,0.8796,0.8313,0.865,1700.12,1435.86,0.8345
1367,1298332800,0.95,0.8313,0.8345,12095.26,10650.29,0.8702
1368,1298419200,0.945,0.8681,0.8702,6718.87,6057.77,0.9
1369,1298505600,1.0,0.9,0.9,13418.69,12708.12,0.9974
1370,1298592000,0.9998,0.9111,0.9974,4461.06,4276.3,0.9112
1371,1298678400,0.97,0.9106,0.9112,4744.41,4452.63,0.958
1372,1298764800,0.958,0.89,0.958,23268.75,21576.82,0.89
1373,1298851200,0.92,0.845,0.89,4651.67,4108.6,0.8702
1374,1298937600,0.97,0.8502,0.8702,22569.78,21413.43,0.9202
1375,1299024000,0.94,0.9102,0.9202,2741.87,2533.96,0.9399
1376,1299110400,0.9399,0.91,0.9399,2746.67,2520.58,0.9391
1377,1299196800,0.9391,0.9001,0.9391,2711.89,2469.56,0.9012
1378,1299283200,0.9189,0.8111,0.9012,12570.59,11115.04,0.9103
1379,1299369600,0.9103,0.81,0.9103,12626.49,10775.11,0.8999
1380,1299456000,0.909,0.846,0.8999,15271.27,13527.3,0.885
1381,1299542400,0.885,0.85,0.885,4527.85,3931.42,0.87
1382,1299628800,0.87,0.85,0.87,4546.05,3881.22,0.8645
1383,1299715200,0.9329,0.8497,0.8645,8869.01,7895.07,0.9329
1384,1299801600,0.9329,0.8601,0.9329,3725.51,3301.73,0.88
1385,1299888000,0.9197,0.88,0.88,4822.83,4319.6,0.918
1386,1299974400,0.918,0.8898,0.918,660.31,595.42,0.8925
1387,1300060800,0.9,0.88,0.8925,5269.24,4676.62,0.8949
1388,1300147200,0.8949,0.87,0.8949,2732.16,2405.41,0.87
1389,1300233600,0.88,0.836,0.87,7929.62,6761.32,0.86
1390,1300320000,0.88,0.81,0.86,7159.78,6042.77,0.8254
1391,1300406400,0.8506,0.71,0.8254,14226.22,10971.32,0.8165
1392,1300492800,0.8165,0.7313,0.8165,9875.04,7457.83,0.765
1393,1300579200,0.79,0.7402,0.765,5815.32,4502.62,0.7522
1394,1300665600,0.7724,0.7405,0.7522,3695.96,2780.45,0.759
1395,1300752000,0.81,0.7405,0.759,12147.72,9499.24,0.809
1396,1300838400,0.85,0.78,0.809,13262.26,11029.25,0.8497
1397,1300924800,0.9,0.8266,0.8497,14009.37,12259.77,0.8669
1398,1301011200,0.89,0.861,0.8669,4819.42,4225.53,0.8838
1399,1301097600,0.905,0.841,0.8838,11756.42,10250.98,0.8552
1400,1301184000,0.8721,0.8152,0.8552,5337.15,4439.07,0.8275
1401,1301270400,0.85,0.76,0.8275,12565.15,10141.7,0.799
1402,1301356800,0.7997,0.7648,0.799,4215.02,3312.3,0.7925
1403,1301443200,0.795,0.766,0.7925,3218.22,2532.13,0.7897
1404,1301529600,0.801,0.768,0.7897,6875.08,5429.16,0.7846
1405,1301616000,0.797,0.7741,0.7846,3186.77,2483.69,0.7741
1406,1301702400,0.7998,0.7741,0.7741,2493.59,1965.23,0.782
1407,1301788800,0.7949,0.777,0.782,3931.39,3074.76,0.779
1408,1301875200,0.785,0.5619,0.779,31155.46,21652.69,0.68
1409,1301961600,0.7478,0.58,0.68,9730.3,6522.71,0.71
1410,1302048000,0.75,0.6902,0.71,8703.95,6264.04,0.74
1411,1302134400,0.7849,0.7205,0.74,10832.99,8178.14,0.7538
1412,1302220800,0.799,0.7309,0.7538,18207.3,13854.66,0.75
1413,1302307200,0.7676,0.7205,0.75,12119.4,8940.96,0.73
1414,1302393600,0.7589,0.71,0.73,5348.98,3946.44,0.7369
1415,1302480000,0.799,0.7103,0.7369,14645.93,11255.96,0.77
1416,1302566400,0.899,0.77,0.77,48417.6,41333.11,0.86
1417,1302652800,1.0,0.86,0.86,43397.56,40467.74,0.9225
1418,1302739200,1.0,0.91,0.9225,31111.88,29643.61,1.0
1419,1302825600,1.09,0.911,1.0,50304.61,50488.94,0.9899
1420,1302912000,1.095,0.9541,0.9899,28869.3,30097.18,1.05
1421,1302998400,1.14,1.026,1.05,24225.7,26085.25,1.112
1422,1303084800,1.2,1.11,1.112,27478.69,31552.55,1.162
1423,1303171200,1.198,1.144,1.162,12556.73,14782.06,1.198
1424,1303257600,1.198,1.13,1.198,21344.95,24691.86,1.142
1425,1303344000,1.21,1.14,1.142,39295.69,46345.35,1.21
1426,1303430400,1.41,1.189,1.21,39415.39,50929.92,1.409
1427,1303516800,1.95,1.32,1.409,66620.36,103242.84,1.7
1428,1303603200,1.95,1.6,1.7,21541.69,36076.01,1.631
1429,1303689600,1.701,1.521,1.631,13471.6,21226.89,1.559
1430,1303776000,1.795,1.53,1.559,24054.31,40211.17,1.795
1431,1303862400,1.95,1.72,1.795,33055.26,62403.35,1.9
1432,1303948800,2.65,1.66,1.9,100238.23,203392.46,2.211
1433,1304035200,2.95,2.21,2.211,57577.32,148954.47,2.88
1434,1304121600,4.15,2.75,2.88,65427.8,214977.24,3.55
1435,1304208000,3.87,2.5,3.55,45772.07,143521.98,3.033
1436,1304294400,3.495,3.029,3.033,18333.83,59421.72,3.2
1437,1304380800,3.49,3.11,3.2,16919.18,56187.48,3.41
1438,1304467200,3.58,3.25,3.41,17278.29,59434.11,3.406
1439,1304553600,3.45,3.333,3.406,15350.34,52331.39,3.333
1440,1304640000,3.61,3.29,3.333,23014.7,80063.98,3.452
1441,1304726400,3.7,3.425,3.452,17833.29,64359.68,3.641
1442,1304812800,3.937,3.63,3.641,21132.51,79620.81,3.866
1443,1304899200,3.9,3.691,3.866,11520.93,43805.92,3.8
1444,1304985600,5.99,3.8,3.8,56217.32,266466.71,5.81
1445,1305072000,6.065,4.6,5.81,52569.15,281496.86,5.5
1446,1305158400,6.49,5.22,5.5,31722.46,184839.99,6.3
1447,1305244800,8.45,6.3,6.3,64003.37,478840.49,8.198
1448,1305331200,8.9,5.83,8.198,55390.45,435571.02,7.198
1449,1305417600,7.78,6.2,7.198,18294.87,123255.5,6.987
1450,1305504000,8.5,6.75,6.987,44141.41,343050.47,8.034
1451,1305590400,8.389,6.98,8.034,35345.46,265868.95,7.19
1452,1305676800,7.5,6.6,7.19,25403.44,181331.16,6.88
1453,1305763200,7.34,6.607,6.88,24436.41,170134.8,6.811
1454,1305849600,7.1,5.577,6.811,44460.44,278992.34,5.59
1455,1305936000,6.52,5.577,5.59,31111.9,185640.17,6.12
1456,1306022400,6.759,5.99,6.12,23872.15,154432.52,6.69
1457,1306108800,7.45,6.69,6.69,35279.88,250601.3,7.15
1458,1306195200,7.51,6.96,7.15,29282.48,211827.28,7.42
1459,1306281600,9.33,7.216,7.42,64049.94,510905.18,8.4
1460,1306368000,8.987,8.01,8.4,28644.99,244820.48,8.798
1461,1306454400,8.83,8.5,8.798,14431.84,125149.05,8.5
1462,1306540800,8.7,8.11,8.5,12247.72,103463.69,8.3
1463,1306627200,8.49,8.102,8.3,7487.54,62138.87,8.43
1464,1306713600,9.0,8.25,8.43,17680.15,154258.85,8.8
1465,1306800000,9.5,8.1,8.8,45794.43,406882.27,8.741
1466,1306886400,9.699,8.3,8.741,43479.96,400564.35,9.57
1467,1306972800,10.89,9.5,9.57,41047.27,415112.72,10.6
1468,1307059200,14.5,10.58,10.6,72980.24,954513.54,14.29
1469,1307145600,18.89,14.04,14.29,44475.34,729670.85,18.89
1470,1307232000,19.0,16.2,18.89,24278.97,420612.47,16.7
1471,1307318400,19.23,16.45,16.7,55092.47,1016927.39,18.55
1472,1307404800,24.32,18.26,18.55,53715.04,1068903.32,23.92
1473,1307491200,31.91,22.21,23.92,104925.16,2858820.38,29.6
1474,1307577600,31.5,26.15,29.6,62933.66,1861589.64,28.92
1475,1307664000,29.4,20.01,28.92,92208.2,2274786.4,23.95
1476,1307750400,23.99,13.0,23.95,121869.97,2146587.96,14.65
1477,1307836800,24.99,10.25,14.65,151194.16,2451134.56,18.55
1478,1307923200,24.5,16.0,18.55,73421.79,1476239.59,19.84
1479,1308009600,20.5,18.0,19.84,36155.99,696003.98,19.28
1480,1308096000,20.0,19.02,19.28,27711.9,545336.14,19.49
1481,1308182400,19.89,17.0,19.49,49202.14,927743.42,17.0
1482,1308268800,18.34,13.0,17.0,108623.77,1684353.23,15.68
1483,1308355200,16.95,15.05,15.68,35536.55,569949.34,16.89
1484,1308441600,18.88,16.85,16.89,30176.74,536267.38,17.51
1485,1308528000,17.51,17.51,17.51,0.0,0.0,17.51
1486,1308614400,17.51,17.51,17.51,0.0,0.0,17.51
1487,1308700800,17.51,17.51,17.51,0.0,0.0,17.51
1488,1308787200,17.51,17.51,17.51,0.0,0.0,17.51
1489,1308873600,17.51,17.51,17.51,0.0,0.0,17.51
1490,1308960000,17.51,17.51,17.51,0.0,0.0,17.51
1491,1309046400,17.51,14.01,17.51,15053.93,234621.8,16.45
1492,1309132800,18.0,15.0,16.45,31452.54,535096.37,16.75
1493,1309219200,17.52,16.5,16.75,24398.15,413032.22,16.95
1494,1309305600,17.2,16.67,16.95,21043.37,355303.18,16.85
1495,1309392000,17.0,15.73,16.85,34961.19,577145.55,16.1
1496,1309478400,16.74,15.26,16.1,33284.45,529197.49,15.4
1497,1309564800,15.8,15.27,15.4,19453.24,302134.7,15.4
1498,1309651200,15.69,15.31,15.4,16792.29,259875.51,15.44
1499,1309737600,15.49,13.14,15.44,52276.99,756913.59,13.86
1500,1309824000,15.0,11.0,13.86,84081.15,1076305.46,12.91
1501,1309910400,16.5,12.67,12.91,111818.32,1655319.63,14.8
1502,1309996800,15.9,14.5,14.8,54465.7,825452.25,14.78
1503,1310083200,15.64,13.9,14.78,34853.42,500143.38,14.31
1504,1310169600,14.7,14.02,14.31,11909.17,171329.27,14.38
1505,1310256000,15.68,14.35,14.38,45284.42,682903.16,14.9
1506,1310342400,15.2,13.8,14.9,49160.01,706457.52,14.21
1507,1310428800,14.64,13.9,14.21,26356.51,372986.55,14.01
1508,1310515200,14.15,13.91,14.01,10338.15,145032.07,13.95
1509,1310601600,14.07,13.7,13.95,17661.16,245982.11,14.0
1510,1310688000,14.09,13.5,14.0,24819.54,344982.1,13.81
1511,1310774400,13.81,13.5,13.81,17264.49,235142.97,13.72
1512,1310860800,13.75,13.02,13.72,34375.47,458510.19,13.16
1513,1310947200,13.92,12.51,13.16,75896.31,988903.24,13.48
1514,1311033600,14.7,13.44,13.48,67575.61,948485.72,13.85
1515,1311120000,14.0,13.4,13.85,23177.9,317332.3,13.71
1516,1311206400,13.78,13.4,13.71,25018.37,341665.52,13.61
1517,1311292800,13.81,13.45,13.61,15165.62,207044.15,13.7
1518,1311379200,13.76,13.51,13.7,22455.6,306380.16,13.68
1519,1311465600,14.1,13.6,13.68,26623.26,369041.82,13.98
1520,1311552000,14.72,13.76,13.98,31577.96,448277.2,14.05
1521,1311638400,14.05,13.77,14.05,16793.86,233585.08,13.88
1522,1311724800,14.13,13.85,13.88,11508.66,160645.54,13.94
1523,1311811200,13.94,13.31,13.94,32738.27,445690.58,13.49
1524,1311897600,13.7,13.33,13.49,7257.51,98020.73,13.5
1525,1311984000,13.63,13.45,13.5,6104.38,82590.44,13.53
1526,1312070400,14.9,12.83,13.53,45723.44,618135.5,13.35
1527,1312156800,13.55,12.85,13.35,21748.09,286373.02,13.09
1528,1312243200,13.1,11.5,13.09,57242.69,709463.16,12.05
1529,1312329600,12.16,8.7,12.05,90287.33,943628.17,9.26
1530,1312416000,11.15,9.26,9.26,50094.1,529876.35,10.75
1531,1312502400,10.99,9.5,10.75,30765.69,315866.93,9.8
1532,1312588800,9.95,5.742,9.8,102411.73,801213.08,6.55
1533,1312675200,9.47,6.01,6.55,89830.96,693796.98,7.9
1534,1312761600,8.16,7.055,7.9,34042.22,263570.19,7.8
1535,1312848000,12.1,7.671,7.8,114472.78,1112123.77,9.99
1536,1312934400,10.4,9.5,9.99,24254.45,242598.48,10.0
1537,1313020800,10.5,8.451,10.0,58114.56,550577.88,9.462
1538,1313107200,9.8,8.91,9.462,41592.12,387476.18,9.461
1539,1313193600,10.25,9.28,9.461,29759.76,291543.08,10.13
1540,1313280000,11.24,9.62,10.13,44125.5,468353.91,10.8
1541,1313366400,11.89,10.72,10.8,38155.54,431203.74,11.15
1542,1313452800,11.32,10.81,11.15,15325.44,169357.89,10.96
1543,1313539200,11.1,10.66,10.96,22898.69,249104.68,10.95
1544,1313625600,11.05,10.81,10.95,8210.38,89515.28,10.83
1545,1313712000,11.81,10.83,10.83,33721.05,384289.87,11.65
1546,1313798400,11.69,11.4,11.65,9915.0,113880.29,11.45
1547,1313884800,11.51,11.31,11.45,8720.35,99220.98,11.31
1548,1313971200,11.5,10.51,11.31,36996.14,407895.13,10.9
1549,1314057600,11.3,10.81,10.9,12779.51,141019.11,10.94
1550,1314144000,11.08,10.83,10.94,7815.83,85516.17,10.85
1551,1314230400,10.89,9.1,10.85,55485.39,555232.04,9.657
1552,1314316800,9.889,7.642,9.657,83004.37,718309.63,8.179
1553,1314403200,9.11,8.121,8.179,21998.79,189777.37,8.59
1554,1314489600,9.481,8.448,8.59,24155.28,216706.8,9.07
1555,1314576000,9.27,8.65,9.07,21651.28,193411.57,8.969
1556,1314662400,9.0,8.55,8.969,11773.82,103338.65,8.791
1557,1314748800,8.791,8.01,8.791,19648.24,164091.75,8.2
1558,1314835200,8.36,8.1,8.2,11903.53,97874.33,8.21
1559,1314921600,8.714,8.21,8.21,16814.55,141975.28,8.64
1560,1315008000,8.69,8.363,8.64,6944.99,59247.47,8.48
1561,1315094400,8.49,7.85,8.48,19673.49,160817.86,8.178
1562,1315180800,8.191,7.25,8.178,30798.75,234672.8,7.611
1563,1315267200,7.657,6.122,7.611,82496.05,555289.16,6.863
1564,1315353600,7.599,6.53,6.863,49642.1,348836.44,7.186
1565,1315440000,7.198,6.512,7.186,31886.33,216888.79,6.53
1566,1315526400,6.577,4.18,6.53,217433.29,1154613.99,5.03
1567,1315612800,5.49,4.63,5.03,44484.53,223562.81,4.774
1568,1315699200,7.4,4.6,4.774,143792.58,873010.64,5.864
1569,1315785600,6.582,5.412,5.864,63864.04,385739.55,6.078
1570,1315872000,6.085,5.7,6.078,23759.28,138683.87,5.8
1571,1315958400,5.847,5.325,5.8,43768.26,243197.97,5.619
1572,1316044800,5.619,4.44,5.619,86220.92,429502.83,4.84
1573,1316131200,4.99,4.61,4.84,31651.09,152408.87,4.82
1574,1316217600,4.93,4.7,4.82,20303.08,97582.47,4.77
1575,1316304000,5.6,4.721,4.77,44623.9,229468.54,5.2
1576,1316390400,5.644,4.9,5.2,49836.79,263597.81,5.46
1577,1316476800,6.795,5.451,5.46,116750.98,713430.51,6.112
1578,1316563200,6.287,5.06,6.112,68164.47,383918.85,5.637
1579,1316649600,5.83,5.29,5.637,31651.0,175258.58,5.442
1580,1316736000,5.707,5.415,5.442,55667.98,312415.09,5.547
1581,1316822400,5.641,5.32,5.547,17944.23,97847.53,5.468
1582,1316908800,5.49,5.322,5.468,9487.26,51288.09,5.33
1583,1316995200,5.4,4.721,5.33,56072.39,277987.41,4.87
1584,1317081600,5.13,4.781,4.87,24645.37,121363.66,4.916
1585,1317168000,4.969,4.625,4.916,30625.21,146110.79,4.772
1586,1317254400,4.8,4.674,4.772,14092.89,66817.43,4.779
1587,1317340800,5.35,4.743,4.779,41459.07,208038.79,5.14
1588,1317427200,5.249,4.861,5.14,23460.74,118531.63,5.032
1589,1317513600,5.1,4.91,5.032,10457.31,52128.13,5.027
1590,1317600000,5.04,4.889,5.027,17289.25,85880.89,5.024
1591,1317686400,5.025,4.919,5.024,15793.44,78377.78,4.96
1592,1317772800,5.025,4.831,4.96,17586.46,86107.56,4.88
1593,1317859200,4.9,4.499,4.88,54773.49,256723.57,4.734
1594,1317945600,4.796,3.782,4.734,97547.35,418394.5,4.273
1595,1318032000,4.34,3.825,4.273,39611.94,159656.31,4.008
1596,1318118400,4.389,4.008,4.008,37920.06,158762.15,4.103
1597,1318204800,4.2,4.01,4.103,16858.24,69188.53,4.1
1598,1318291200,4.1,3.85,4.1,41104.08,162268.54,3.931
1599,1318377600,4.45,3.901,3.931,69399.53,282490.41,4.15
1600,1318464000,4.2,4.002,4.15,19706.17,80377.3,4.046
1601,1318550400,4.115,3.948,4.046,20054.55,80464.14,3.988
1602,1318636800,4.05,3.709,3.988,42092.42,163851.32,3.842
1603,1318723200,3.897,3.4,3.842,36200.88,131714.03,3.557
1604,1318809600,3.74,2.26,3.557,207426.66,591902.27,2.56
1605,1318896000,2.9,2.31,2.56,87859.09,229826.44,2.419
1606,1318982400,2.536,2.04,2.419,101864.85,232324.75,2.27
1607,1319068800,2.391,2.22,2.27,48859.48,113046.14,2.348
1608,1319155200,2.72,2.327,2.348,72971.11,185287.39,2.57
1609,1319241600,3.3,2.551,2.57,120163.91,361119.44,3.159
1610,1319328000,3.2,2.95,3.159,37044.29,114141.14,3.17
1611,1319414400,3.195,2.481,3.17,92232.43,258830.28,2.545
1612,1319500800,3.04,2.44,2.545,101412.11,278159.07,2.771
1613,1319587200,2.849,2.65,2.771,29400.74,80877.1,2.773
1614,1319673600,3.09,2.731,2.773,58696.1,171312.37,3.04
1615,1319760000,3.255,2.905,3.04,52365.19,162799.02,3.19
1616,1319846400,3.827,3.14,3.19,79542.9,281957.99,3.581
1617,1319932800,3.65,3.2,3.581,50686.73,171427.93,3.27
1618,1320019200,3.316,3.066,3.27,30980.52,98715.6,3.248
1619,1320105600,3.35,3.07,3.248,37893.47,120727.9,3.15
1620,1320192000,3.44,3.141,3.15,32311.05,104522.19,3.254
1621,1320278400,3.28,3.1,3.254,24520.65,78756.92,3.152
1622,1320364800,3.21,3.011,3.152,39513.13,123573.79,3.109
1623,1320451200,3.15,2.85,3.109,52964.48,159571.85,2.97
1624,1320537600,3.0,2.92,2.97,17232.27,51037.09,2.96
1625,1320624000,3.032,2.95,2.96,23992.23,71961.1,3.007
1626,1320710400,3.21,3.006,3.007,60336.67,186440.21,3.036
1627,1320796800,3.11,2.887,3.036,52195.11,156655.47,2.95
1628,1320883200,2.969,2.8,2.95,33928.76,97395.49,2.869
1629,1320969600,3.11,2.823,2.869,44853.17,133312.05,3.08
1630,1321056000,3.11,3.01,3.08,20383.26,62326.05,3.031
1631,1321142400,3.05,2.951,3.031,9625.0,28888.03,2.997
1632,1321228800,2.997,2.1,2.997,382186.83,957693.93,2.22
1633,1321315200,2.49,2.11,2.22,76420.88,175520.98,2.329
1634,1321401600,2.6,2.301,2.329,44208.85,108654.69,2.56
1635,1321488000,2.589,1.994,2.56,117276.75,261039.94,2.25
1636,1321574400,2.39,2.0,2.25,98135.59,210125.46,2.05
1637,1321660800,2.26,2.0,2.05,78301.16,169806.11,2.198
1638,1321747200,2.499,2.15,2.198,79731.04,182015.99,2.2
1639,1321833600,2.311,2.17,2.2,41727.08,93197.44,2.294
1640,1321920000,2.35,2.25,2.294,34208.37,78934.49,2.329
1641,1322006400,2.38,2.27,2.329,39998.19,92955.46,2.332
1642,1322092800,2.56,2.305,2.332,87264.6,211558.58,2.432
1643,1322179200,2.528,2.374,2.432,44404.7,109592.19,2.506
1644,1322265600,2.531,2.41,2.506,36118.53,89621.87,2.47
1645,1322352000,2.49,2.423,2.47,22727.06,55832.77,2.48
1646,1322438400,2.55,2.44,2.48,41261.74,103409.13,2.55
1647,1322524800,2.981,2.54,2.55,180531.08,503908.53,2.75
1648,1322611200,3.09,2.732,2.75,120145.34,349861.49,2.97
1649,1322697600,3.14,2.929,2.97,63864.09,195016.15,3.06
1650,1322784000,3.138,3.035,3.06,57494.9,178018.0,3.115
1651,1322870400,3.125,2.75,3.115,123022.09,360981.81,2.794
1652,1322956800,2.9,2.61,2.794,95222.47,261745.73,2.828
1653,1323043200,2.93,2.781,2.828,30884.98,88678.38,2.88
1654,1323129600,3.05,2.87,2.88,55599.98,165517.79,3.03
1655,1323216000,3.082,2.932,3.03,58122.19,174201.54,2.991
1656,1323302400,3.006,2.884,2.991,39933.69,117824.45,2.981
1657,1323388800,3.039,2.935,2.981,34385.44,102810.85,2.97
1658,1323475200,3.133,2.935,2.97,74305.72,225642.57,3.05
1659,1323561600,3.38,2.99,3.05,108223.27,346453.23,3.251
1660,1323648000,3.29,3.084,3.251,39900.0,126940.32,3.136
1661,1323734400,3.25,3.136,3.136,32658.54,104930.82,3.25
1662,1323820800,3.25,2.994,3.25,72477.69,225975.05,3.15
1663,1323907200,3.214,3.11,3.15,30094.23,95417.41,3.2
1664,1323993600,3.22,3.15,3.2,29868.63,95114.72,3.2
1665,1324080000,3.23,3.155,3.2,16479.96,52586.17,3.2
1666,1324166400,3.219,3.175,3.2,10793.72,34542.59,3.193
1667,1324252800,3.7,3.189,3.193,139986.97,476965.51,3.52
1668,1324339200,4.5,3.483,3.52,186409.95,739231.72,3.95
1669,1324425600,4.04,3.81,3.95,48793.69,191659.23,3.89
1670,1324512000,3.992,3.509,3.89,57206.32,216558.95,3.89
1671,1324598400,3.95,3.815,3.89,20496.54,80030.54,3.947
1672,1324684800,3.969,3.855,3.947,14933.59,58567.87,3.94
1673,1324771200,4.39,3.781,3.94,80800.44,334511.38,4.225
1674,1324857600,4.313,3.81,4.225,88825.75,358539.93,4.018
1675,1324944000,4.1,3.962,4.018,30159.46,121501.17,4.074
1676,1325030400,4.25,3.99,4.074,33837.22,140029.63,4.186
1677,1325116800,4.33,4.116,4.186,53069.29,223710.01,4.166
1678,1325203200,4.3,4.063,4.166,41068.6,172118.96,4.248
1679,1325289600,4.995,4.2,4.248,129730.72,596240.41,4.722
1680,1325376000,5.5,4.615,4.722,108509.23,553045.14,5.268
1681,1325462400,5.47,4.8,5.268,69150.93,360357.28,5.217
1682,1325548800,5.29,4.65,5.217,125170.25,619170.54,4.881
1683,1325635200,5.7,4.751,4.881,131170.86,688717.86,5.574
1684,1325721600,7.22,5.574,5.574,182328.19,1130623.29,6.948
1685,1325808000,7.21,6.126,6.948,218077.48,1481327.88,6.697
1686,1325894400,7.016,6.38,6.697,48387.58,325053.98,6.81
1687,1325980800,7.2,6.734,6.81,57193.53,403151.44,7.114
1688,1326067200,7.191,5.81,7.114,148406.85,960592.31,6.326
1689,1326153600,6.89,6.001,6.326,110210.25,705056.48,6.362
1690,1326240000,7.138,6.362,6.362,99442.07,677642.84,6.9
1691,1326326400,6.997,6.337,6.9,140116.52,944165.94,6.8
1692,1326412800,6.804,6.4,6.8,60228.77,398312.18,6.41
1693,1326499200,6.95,6.22,6.41,141896.32,935192.51,6.75
1694,1326585600,7.08,6.741,6.75,62233.33,429700.86,7.002
1695,1326672000,7.189,6.511,7.002,122666.57,837413.61,6.683
1696,1326758400,6.95,4.64,6.683,213409.8,1288538.97,5.6
1697,1326844800,6.95,5.1,5.6,226680.97,1354753.44,5.92
1698,1326931200,6.361,5.873,5.92,114820.45,709705.27,6.36
1699,1327017600,6.58,6.258,6.36,66786.48,429803.56,6.49
1700,1327104000,6.548,6.1,6.49,64761.69,407116.4,6.18
1701,1327190400,6.455,6.1,6.18,44890.65,282233.76,6.31
1702,1327276800,6.389,6.212,6.31,17693.05,111630.55,6.356
1703,1327363200,6.394,6.219,6.356,35663.08,224665.59,6.29
1704,1327449600,6.322,5.502,6.29,133115.25,782053.65,5.756
1705,1327536000,5.92,5.3,5.756,123954.11,692624.73,5.34
1706,1327622400,5.51,5.05,5.34,115567.83,611581.18,5.292
1707,1327708800,5.76,5.26,5.292,89708.02,499881.49,5.627
1708,1327795200,5.7,5.328,5.627,46430.45,254457.17,5.382
1709,1327881600,5.6,5.367,5.382,42303.14,233179.7,5.49
1710,1327968000,5.65,5.426,5.49,48296.66,267099.31,5.484
1711,1328054400,6.2,5.468,5.484,115523.96,672632.58,6.076
1712,1328140800,6.199,5.823,6.076,54546.27,328716.58,6.1
1713,1328227200,6.14,5.719,6.1,59279.85,350818.69,5.959
1714,1328313600,5.987,5.84,5.959,20619.6,122071.46,5.873
1715,1328400000,5.885,5.45,5.873,120336.02,683010.86,5.689
1716,1328486400,5.72,5.45,5.689,90258.84,500693.58,5.453
1717,1328572800,5.78,5.45,5.453,72748.36,408854.24,5.69
1718,1328659200,5.849,5.3,5.69,237943.12,1342007.99,5.6
1719,1328745600,5.915,5.5,5.6,89946.12,516915.55,5.83
1720,1328832000,5.985,5.801,5.83,39304.91,230967.96,5.913
1721,1328918400,6.0,5.541,5.913,69711.29,397688.29,5.601
1722,1329004800,5.85,5.43,5.601,81917.16,459004.75,5.515
1723,1329091200,5.72,5.2,5.515,170210.59,909500.32,5.26
1724,1329177600,5.451,4.212,5.26,297572.02,1399443.95,4.463
1725,1329264000,4.88,4.2,4.463,161800.56,741639.35,4.325
1726,1329350400,4.444,3.878,4.325,166594.52,697818.37,4.274
1727,1329436800,4.77,4.228,4.274,135949.41,606244.08,4.41
1728,1329523200,4.497,4.12,4.41,70406.17,300903.53,4.222
1729,1329609600,4.52,4.181,4.222,62365.41,271300.43,4.387
1730,1329696000,4.47,4.29,4.387,37299.13,162939.76,4.373
1731,1329782400,4.397,4.212,4.373,51784.83,222970.81,4.272
1732,1329868800,4.54,4.271,4.272,103836.79,460671.29,4.425
1733,1329955200,5.198,4.42,4.425,164308.47,792557.08,5.015
1734,1330041600,5.1,4.825,5.015,89828.05,446896.98,5.029
1735,1330128000,5.07,4.65,5.029,86163.6,420213.07,4.773
1736,1330214400,5.1,4.773,4.773,70034.61,347092.76,4.922
1737,1330300800,4.99,4.89,4.922,29371.64,145288.76,4.96
1738,1330387200,5.0,4.735,4.96,62691.08,305075.07,4.868
1739,1330473600,4.9,4.8,4.868,26539.25,129089.93,4.86
1740,1330560000,4.989,4.86,4.86,44183.64,218150.92,4.921
1741,1330646400,4.95,4.51,4.921,130764.74,613272.66,4.705
1742,1330732800,4.78,4.51,4.705,40075.06,187646.64,4.614
1743,1330819200,4.95,4.612,4.614,58826.16,283142.41,4.82
1744,1330905600,5.05,4.82,4.82,65828.18,325526.7,4.984
1745,1330992000,5.07,4.9,4.984,44532.27,221579.34,4.99
1746,1331078400,5.05,4.84,4.99,46167.56,227645.86,4.938
1747,1331164800,5.0,4.755,4.938,58089.4,283093.81,4.93
1748,1331251200,4.949,4.821,4.93,32723.03,160227.85,4.861
1749,1331337600,4.913,4.753,4.861,28070.74,135426.18,4.833
1750,1331424000,4.99,4.811,4.833,42442.93,208576.68,4.91
1751,1331510400,4.95,4.856,4.91,22048.15,108198.98,4.89
1752,1331596800,5.41,4.865,4.89,127325.05,656673.85,5.27
1753,1331683200,5.45,5.252,5.27,62889.72,337721.85,5.39
1754,1331769600,5.445,5.255,5.39,41077.61,219063.81,5.327
1755,1331856000,5.4,5.3,5.327,32718.79,174983.16,5.344
1756,1331942400,5.4,5.212,5.344,39100.23,207915.56,5.216
1757,1332028800,5.34,5.211,5.216,22857.01,120310.25,5.279
1758,1332115200,5.31,4.5,5.279,188889.07,922722.01,4.694
1759,1332201600,4.9,4.588,4.694,66343.85,318065.31,4.838
1760,1332288000,4.87,4.75,4.838,46436.88,223605.57,4.815
1761,1332374400,4.88,4.598,4.815,58069.92,276226.9,4.704
1762,1332460800,4.79,4.6,4.704,54129.94,254329.72,4.686
1763,1332547200,4.729,4.596,4.686,39068.59,181738.16,4.676
1764,1332633600,4.683,4.3,4.676,71556.26,322035.23,4.55
1765,1332720000,4.738,4.516,4.55,69838.07,324896.28,4.621
1766,1332806400,4.846,4.49,4.621,73431.76,342922.08,4.811
1767,1332892800,4.837,4.721,4.811,38017.12,182050.5,4.788
1768,1332979200,4.861,4.71,4.788,37974.76,180963.57,4.808
1769,1333065600,4.88,4.717,4.808,39071.84,187496.45,4.86
1770,1333152000,4.95,4.82,4.86,35529.09,173670.93,4.909
1771,1333238400,4.92,4.73,4.909,35950.6,172377.67,4.827
1772,1333324800,5.08,4.76,4.827,80663.98,398480.61,4.974
1773,1333411200,4.995,4.81,4.974,78481.21,384710.33,4.952
1774,1333497600,4.97,4.89,4.952,51040.82,251784.97,4.91
1775,1333584000,4.935,4.87,4.91,33807.18,165880.2,4.919
1776,1333670400,4.98,4.88,4.919,58211.45,287735.13,4.95
1777,1333756800,4.95,4.687,4.95,80945.75,388783.68,4.69
1778,1333843200,4.8,4.62,4.69,41972.77,197917.32,4.793
1779,1333929600,4.879,4.732,4.793,39243.69,187709.3,4.872
1780,1334016000,4.9,4.764,4.872,53101.77,256671.37,4.837
1781,1334102400,4.98,4.791,4.837,67035.83,327827.09,4.928
1782,1334188800,4.946,4.843,4.928,46368.68,226872.24,4.92
1783,1334275200,4.945,4.73,4.92,93111.86,452385.87,4.94
1784,1334361600,5.03,4.9,4.94,63887.71,317996.1,4.96
1785,1334448000,4.98,4.86,4.96,33343.95,163921.54,4.969
1786,1334534400,4.979,4.91,4.969,31159.52,154236.34,4.932
1787,1334620800,5.022,4.925,4.932,30645.71,151983.96,4.976
1788,1334707200,5.178,4.96,4.976,79130.2,401659.4,5.118
1789,1334793600,5.19,5.1,5.118,46675.15,240310.56,5.138
1790,1334880000,5.48,5.101,5.138,104068.95,544263.48,5.35
1791,1334966400,5.479,5.11,5.35,60922.26,321118.73,5.26
1792,1335052800,5.325,5.101,5.26,37109.4,192195.87,5.204
1793,1335139200,5.218,4.96,5.204,49367.94,252978.56,4.96
1794,1335225600,5.2,4.952,4.96,70989.7,360126.6,5.098
1795,1335312000,5.18,5.036,5.098,35642.73,182736.86,5.132
1796,1335398400,5.175,4.99,5.132,57360.76,291333.8,5.098
1797,1335484800,5.124,5.032,5.098,25868.39,131461.84,5.109
1798,1335571200,5.109,4.846,5.109,91591.47,453939.59,4.979
1799,1335657600,5.018,4.88,4.979,22226.6,109717.97,4.904
1800,1335744000,5.0,4.87,4.904,55767.57,275744.99,4.949
1801,1335830400,5.0,4.916,4.949,36680.85,181986.6,5.0
1802,1335916800,5.179,4.97,5.0,95963.31,487937.82,5.074
1803,1336003200,5.184,5.02,5.074,35421.07,180427.18,5.134
1804,1336089600,5.15,5.067,5.134,43629.49,223210.23,5.067
1805,1336176000,5.12,5.029,5.067,18841.29,95532.52,5.077
1806,1336262400,5.099,5.014,5.077,19299.91,97474.41,5.05
1807,1336348800,5.096,4.971,5.05,46182.84,232779.55,5.06
1808,1336435200,5.1,4.96,5.06,68203.82,342801.15,5.05
1809,1336521600,5.096,5.0,5.05,38921.3,196640.97,5.044
1810,1336608000,5.125,4.803,5.044,69983.5,347144.1,4.85
1811,1336694400,5.0,4.801,4.85,63129.79,311100.91,4.96
1812,1336780800,4.999,4.915,4.96,20875.34,103382.07,4.946
1813,1336867200,4.999,4.92,4.946,14046.31,69673.16,4.93
1814,1336953600,5.036,4.9,4.93,52846.55,263695.58,5.006
1815,1337040000,5.04,4.951,5.006,44144.38,220957.66,5.035
1816,1337126400,5.135,5.0,5.035,69369.57,351814.07,5.089
1817,1337212800,5.1,5.051,5.089,26622.33,135248.36,5.1
1818,1337299200,5.13,5.061,5.1,52580.56,268289.56,5.118
1819,1337385600,5.143,5.07,5.118,23155.3,118319.57,5.099
1820,1337472000,5.15,5.085,5.099,18690.61,95644.05,5.09
1821,1337558400,5.13,5.062,5.09,33623.96,171340.69,5.1
1822,1337644800,5.115,5.05,5.1,46681.9,237263.34,5.099
1823,1337731200,5.165,5.065,5.099,52958.35,271619.69,5.14
1824,1337817600,5.149,5.07,5.14,28916.46,148029.4,5.119
1825,1337904000,5.15,5.102,5.119,23075.73,118398.28,5.145
1826,1337990400,5.145,5.1,5.145,16592.65,84985.05,5.103
1827,1338076800,5.148,5.1,5.103,15751.21,80709.32,5.139
1828,1338163200,5.16,5.11,5.139,27560.81,141508.49,5.136
1829,1338249600,5.159,5.015,5.136,61267.06,313167.67,5.15
1830,1338336000,5.173,5.1,5.15,39944.18,205489.48,5.135
1831,1338422400,5.2,5.112,5.135,39476.52,203750.19,5.18
1832,1338508800,5.279,5.18,5.18,44689.12,234080.46,5.275
1833,1338595200,5.275,5.213,5.275,15168.98,79520.99,5.249
1834,1338681600,5.254,5.205,5.249,12679.13,66238.34,5.205
1835,1338768000,5.279,5.18,5.205,51239.53,268035.7,5.266
1836,1338854400,5.5,5.224,5.266,83934.15,452286.0,5.44
1837,1338940800,5.49,5.389,5.44,40678.15,221376.21,5.46
1838,1339027200,5.594,5.41,5.46,48065.8,264420.4,5.591
1839,1339113600,5.66,5.56,5.591,53841.11,302527.61,5.633
1840,1339200000,5.7,5.462,5.633,37122.48,206719.45,5.56
1841,1339286400,5.577,5.427,5.56,24397.29,134034.65,5.468
1842,1339372800,5.6,5.432,5.468,40263.97,221882.17,5.575
1843,1339459200,5.75,5.5,5.575,78982.6,442662.49,5.7
1844,1339545600,5.96,5.66,5.7,57237.87,335216.88,5.929
1845,1339632000,5.974,5.808,5.929,35039.35,206567.62,5.954
1846,1339718400,6.587,5.883,5.954,65639.16,401826.99,6.5
1847,1339804800,6.599,6.261,6.5,78196.08,505216.48,6.4
1848,1339891200,6.53,6.103,6.4,48800.26,308913.52,6.164
1849,1339977600,6.36,6.03,6.164,46832.28,293446.76,6.31
1850,1340064000,6.533,6.281,6.31,43883.52,282752.04,6.499
1851,1340150400,6.71,6.45,6.499,64069.27,423271.21,6.67
1852,1340236800,6.8,6.561,6.67,51943.25,347681.68,6.68
1853,1340323200,6.8,6.428,6.68,56823.03,374175.12,6.548
1854,1340409600,6.651,6.4,6.548,20122.22,130792.6,6.428
1855,1340496000,6.47,6.35,6.428,33945.3,217549.23,6.35
1856,1340582400,6.446,6.217,6.35,62638.91,395654.82,6.305
1857,1340668800,6.47,6.289,6.305,48736.67,311935.52,6.42
1858,1340755200,6.65,6.4,6.42,41979.59,274046.64,6.647
1859,1340841600,6.669,6.49,6.647,42818.4,282297.48,6.606
1860,1340928000,6.679,6.542,6.606,26298.8,174369.86,6.65
1861,1341014400,6.694,6.602,6.65,20591.63,137136.1,6.69
1862,1341100800,6.694,6.535,6.69,20577.6,135823.9,6.629
1863,1341187200,6.765,6.578,6.629,32364.2,217005.56,6.76
1864,1341273600,6.76,6.4,6.76,71068.52,465280.45,6.45
1865,1341360000,6.55,6.45,6.45,33478.79,217804.23,6.51
1866,1341446400,6.77,6.481,6.51,45344.7,301701.76,6.67
1867,1341532800,6.72,6.55,6.67,43191.39,286978.88,6.648
1868,1341619200,6.87,6.63,6.648,37987.95,257213.27,6.762
1869,1341705600,6.86,6.723,6.762,18219.93,123756.04,6.799
1870,1341792000,7.1,6.743,6.799,61644.1,425223.11,7.021
1871,1341878400,7.25,6.96,7.021,70065.8,497668.82,7.2
1872,1341964800,7.257,7.018,7.2,41891.36,297644.88,7.15
1873,1342051200,7.9,7.1,7.15,64616.6,471834.37,7.764
1874,1342137600,7.816,7.42,7.764,65465.74,499441.51,7.665
1875,1342224000,7.665,7.516,7.665,16007.1,121635.99,7.542
1876,1342310400,7.7,7.45,7.542,26978.3,204616.5,7.621
1877,1342396800,8.65,7.618,7.621,103400.11,835550.27,8.5
1878,1342483200,9.49,7.322,8.5,210804.47,1757815.81,8.8
1879,1342569600,9.399,8.5,8.8,105945.9,955210.08,9.11
1880,1342656000,9.234,8.818,9.11,48249.66,438703.58,8.87
1881,1342742400,8.87,7.6,8.87,154661.12,1267523.74,8.52
1882,1342828800,9.7,7.96,8.52,139906.9,1242153.88,8.846
1883,1342915200,8.97,8.271,8.846,30070.67,259113.81,8.41
1884,1343001600,9.2,7.75,8.41,146396.18,1238579.49,8.446
1885,1343088000,8.85,8.34,8.446,40946.86,353506.54,8.6
1886,1343174400,8.9,8.369,8.6,64720.95,555883.85,8.8
1887,1343260800,8.901,8.6,8.8,32379.65,283993.34,8.9
1888,1343347200,8.95,8.814,8.9,26673.61,237223.99,8.9
1889,1343433600,8.93,8.71,8.9,16164.58,143179.47,8.888
1890,1343520000,8.888,8.7,8.888,11462.59,100508.03,8.71
1891,1343606400,9.15,8.7,8.71,51254.5,458873.3,9.098
1892,1343692800,9.44,9.079,9.098,70173.63,648746.34,9.35
1893,1343779200,9.65,9.111,9.35,68695.7,647522.58,9.55
1894,1343865600,11.0,9.412,9.55,126685.69,1283817.64,10.53
1895,1343952000,11.12,10.3,10.53,61643.28,661588.16,10.97
1896,1344038400,11.3,10.53,10.97,52321.31,575464.3,10.98
1897,1344124800,11.29,10.11,10.98,67280.25,714863.7,10.87
1898,1344211200,11.19,10.64,10.87,51637.91,562801.91,10.86
1899,1344297600,11.1,10.65,10.86,41653.59,451978.45,11.1
1900,1344384000,11.15,10.85,11.1,31322.91,345666.89,11.06
1901,1344470400,12.0,10.8,11.06,101880.31,1153809.11,11.06
1902,1344556800,11.6,11.01,11.06,63597.01,725605.06,11.39
1903,1344643200,11.6,11.39,11.39,21791.03,250620.15,11.51
1904,1344729600,11.77,11.45,11.51,30340.95,353092.67,11.62
1905,1344816000,12.05,11.49,11.62,54035.66,637059.69,12.04
1906,1344902400,12.34,11.89,12.04,44014.86,532302.32,12.19
1907,1344988800,13.25,12.16,12.19,57562.75,725834.14,13.25
1908,1345075200,13.84,12.5,13.25,96604.12,1277714.19,13.5
1909,1345161600,15.4,10.6,13.5,221033.9,2930580.33,11.58
1910,1345248000,12.9,11.02,11.58,88047.77,1045361.51,11.61
1911,1345334400,11.62,7.58,11.61,238860.32,2170411.03,8.0
1912,1345420800,10.5,7.81,8.0,192502.76,1835053.01,10.1
1913,1345507200,10.3,9.699,10.1,72082.69,722740.27,9.915
1914,1345593600,10.1,9.571,9.915,67513.56,665544.84,9.807
1915,1345680000,10.25,9.705,9.807,56015.67,560012.6,10.1
1916,1345766400,10.62,9.852,10.1,92077.75,945182.94,10.6
1917,1345852800,10.63,10.2,10.6,40232.49,420388.01,10.62
1918,1345939200,10.62,10.45,10.62,26331.03,277773.75,10.61
1919,1346025600,12.15,10.54,10.61,175117.56,1957673.34,10.95
1920,1346112000,11.21,10.5,10.95,54875.36,598168.05,10.94
1921,1346198400,11.13,10.55,10.94,53647.72,581687.69,10.92
1922,1346284800,10.93,10.6,10.92,30868.5,332208.84,10.78
1923,1346371200,10.83,9.66,10.78,67791.34,690452.97,10.16
1924,1346457600,10.3,9.776,10.16,23376.24,233777.63,9.965
1925,1346544000,10.36,9.719,9.965,25055.74,251932.43,10.2
1926,1346630400,10.59,10.09,10.2,22925.32,237264.68,10.53
1927,1346716800,10.53,10.15,10.53,34878.49,359404.18,10.38
1928,1346803200,11.17,10.26,10.38,60767.24,653374.16,11.0
1929,1346889600,11.29,10.64,11.0,67054.06,733288.22,11.18
1930,1346976000,11.21,10.95,11.18,35535.72,394463.57,11.0
1931,1347062400,11.14,10.77,11.0,24253.64,266231.48,11.04
1932,1347148800,11.14,10.92,11.04,14033.42,155002.6,11.02
1933,1347235200,11.19,10.87,11.02,42288.41,467067.67,11.17
1934,1347321600,11.35,10.88,11.17,64954.44,721708.44,11.33
1935,1347408000,11.39,10.78,11.33,58628.0,657004.1,11.36
1936,1347494400,11.4,11.22,11.36,20574.32,233401.71,11.4
1937,1347580800,11.8,11.32,11.4,43259.7,500768.38,11.74
1938,1347667200,11.79,11.6,11.74,16272.52,190511.93,11.75
1939,1347753600,11.99,11.72,11.75,30297.22,359833.88,11.87
1940,1347840000,11.96,11.77,11.87,26612.48,316662.26,11.89
1941,1347926400,12.35,11.84,11.89,40949.28,494030.03,12.25
1942,1348012800,12.69,12.15,12.25,41883.0,519593.55,12.57
1943,1348099200,12.66,12.25,12.57,32567.34,406467.47,12.3
1944,1348185600,12.5,12.01,12.3,35834.78,439674.22,12.37
1945,1348272000,12.4,12.14,12.37,14986.56,183186.34,12.24
1946,1348358400,12.27,11.63,12.24,39920.72,479223.21,12.19
1947,1348444800,12.3,11.95,12.19,27291.83,330885.09,12.1
1948,1348531200,12.23,12.01,12.1,21228.61,257174.51,12.2
1949,1348617600,12.46,12.02,12.2,23495.18,287416.94,12.27
1950,1348704000,12.4,12.21,12.27,19326.69,238051.35,12.31
1951,1348790400,12.45,12.12,12.31,26674.78,329436.52,12.39
1952,1348876800,12.49,12.21,12.39,17061.66,211507.34,12.36
1953,1348963200,12.45,12.3,12.36,7793.91,96462.09,12.4
1954,1349049600,12.48,12.32,12.4,24826.69,307618.78,12.4
1955,1349136000,12.88,12.34,12.4,50833.35,642027.91,12.84
1956,1349222400,12.99,12.68,12.84,32955.07,422995.61,12.89
1957,1349308800,13.09,12.6,12.89,37945.15,488811.23,12.85
1958,1349395200,12.97,12.51,12.85,31258.44,398427.1,12.7
1959,1349481600,12.86,12.35,12.7,24673.41,310513.02,12.51
1960,1349568000,12.62,11.7,12.51,63512.03,762812.96,11.8
1961,1349654400,11.95,10.62,11.8,97938.4,1102329.22,11.78
1962,1349740800,12.35,11.57,11.78,46768.8,559694.91,11.9
1963,1349827200,12.19,11.77,11.9,27722.07,333351.59,12.12
1964,1349913600,12.15,11.86,12.12,19831.64,238483.07,12.03
1965,1350000000,12.15,11.92,12.03,21538.03,259522.53,12.0
1966,1350086400,12.11,11.85,12.0,11861.68,141870.31,11.86
1967,1350172800,12.03,11.5,11.86,22891.1,271135.83,11.74
1968,1350259200,11.99,11.43,11.74,27101.72,317633.19,11.84
1969,1350345600,11.99,11.5,11.84,41184.66,485720.72,11.85
1970,1350432000,11.96,11.7,11.85,23553.36,279774.85,11.84
1971,1350518400,11.96,11.75,11.84,21880.84,259855.62,11.94
1972,1350604800,11.97,11.62,11.94,23177.45,272640.88,11.74
1973,1350691200,11.85,11.56,11.74,22110.92,259113.16,11.74
1974,1350777600,11.77,11.61,11.74,9375.52,109479.89,11.63
1975,1350864000,11.81,11.47,11.63,37622.03,440140.37,11.71
1976,1350950400,12.0,11.41,11.71,54344.49,637306.0,11.68
1977,1351036800,11.79,11.59,11.68,21764.66,254132.03,11.65
1978,1351123200,11.7,10.52,11.65,84704.86,934190.95,10.86
1979,1351209600,10.95,9.74,10.86,98994.7,1020616.67,10.19
1980,1351296000,10.84,9.822,10.19,47869.83,496747.54,10.26
1981,1351382400,10.95,10.25,10.26,22389.59,236640.5,10.7
1982,1351468800,10.94,10.32,10.7,37574.81,400173.5,10.6
1983,1351555200,10.89,10.58,10.6,26023.32,279843.08,10.89
1984,1351641600,11.21,10.71,10.89,40673.45,448359.79,11.2
1985,1351728000,11.28,10.4,11.2,50362.1,550327.49,10.57
1986,1351814400,10.8,10.33,10.57,24485.26,258957.79,10.47
1987,1351900800,10.65,10.4,10.47,16732.94,176345.08,10.64
1988,1351987200,10.9,10.51,10.64,16750.34,178761.66,10.8
1989,1352073600,10.88,10.61,10.8,21776.74,233650.36,10.75
1990,1352160000,10.9,10.67,10.75,26995.3,291515.94,10.9
1991,1352246400,11.22,10.8,10.9,31733.85,348474.7,10.92
1992,1352332800,11.07,10.75,10.92,26058.85,284556.11,10.93
1993,1352419200,10.98,10.79,10.93,14727.12,159984.85,10.82
1994,1352505600,10.96,10.75,10.82,13490.45,146349.26,10.89
1995,1352592000,10.94,10.7,10.89,12625.48,136448.09,10.87
1996,1352678400,11.18,10.77,10.87,39217.17,431080.47,11.01
1997,1352764800,11.13,10.92,11.01,16757.51,184368.79,10.95
1998,1352851200,11.05,10.82,10.95,24543.09,268636.84,10.95
1999,1352937600,11.3,10.86,10.95,31901.17,353356.16,11.2
2000,1353024000,11.8,11.17,11.2,58253.16,669422.19,11.75
